N,P,K,temperature,humidity,ph,rainfall,label
55,61,158,28.48,86.65377337954385,4.96,185.1154349715046,rice
138,97,114,16.17,94.39811055985025,6.85,255.68802138928368,rice
87,41,153,13.75,80.686503508644,6.92,290.20391114141097,rice
9,64,42,23.42,80.41665854841612,5.74,163.22834773908346,rice
16,53,45,12.18,96.52720877679128,3.83,216.14958326336196,rice
131,64,158,14.41,81.20223525920663,8.15,193.76110409879422,rice
80,114,114,18.8,93.3117251595187,9.11,260.95052601430604,rice
111,13,162,27.21,96.58167304107391,7.1,261.2793384393298,rice
41,9,191,32.9,80.05951533132021,7.5,152.75763045217545,rice
22,62,120,20.6,96.28701751514856,5.15,232.98678308865746,rice
25,87,158,29.69,92.78252633414043,3.98,262.1530270150552,rice
92,59,32,16.04,98.52330749157548,9.08,287.6708336940495,rice
62,74,202,20.37,84.20874048891278,6.98,259.9787403362247,rice
108,55,89,33.92,97.68199544726471,5.42,176.94893912201667,rice
67,48,84,33.09,88.81769302599258,3.9,157.10120184655025,rice
21,53,30,36.01,97.69716921882988,5.86,164.64910182791374,rice
70,117,166,29.41,81.96426753615629,8.42,235.40971570155085,rice
106,40,24,19.98,96.38958475852917,6.38,192.2937191876557,rice
62,116,77,14.08,93.6527547464467,7.66,217.17359583834286,rice
69,91,55,28.56,89.61969557990179,4.68,226.9105134837814,rice
0,97,99,33.33,98.52729491716434,8.71,258.08382884017624,rice
120,125,67,16.91,85.60150796443834,5.58,236.9572191186206,rice
16,108,123,11.28,86.2236372495347,7.17,213.2301241930216,rice
94,101,90,34.78,92.97597875115589,5.35,243.56240817208487,rice
44,38,188,27.37,90.57911613281303,7.38,216.01667401587326,rice
11,46,120,31.63,84.16869185248498,8.6,243.45791747417346,rice
86,62,39,13.7,84.0567975101972,7.25,236.4010083174224,rice
79,119,161,17.99,89.76310796426924,7.16,222.91745796736245,rice
8,80,143,19.85,86.56139740700121,3.92,271.7883327693824,rice
27,84,172,43.18,87.31378734276953,7.42,187.34538325324493,rice
118,52,112,32.66,95.62774891351025,3.6,178.62573355695378,rice
40,52,49,28.49,86.0990253570331,8.13,235.7428290566698,rice
116,67,121,14.65,85.76750567413818,4.02,290.46561753389295,rice
51,139,118,26.72,95.99527318458773,6.99,252.06202436407872,rice
69,121,112,13.06,93.34043696231619,5.2,281.934071611989,rice
8,61,26,20.44,86.28547488805751,8.36,200.54268029648998,rice
9,128,83,36.58,84.00596055144956,5.65,203.75420283649177,rice
7,77,136,42.13,94.68951394926108,5.57,268.51424232112356,rice
132,103,45,12.32,89.64645029139294,4.1,161.5922469968768,rice
7,116,97,18.34,86.78495151477613,5.82,217.29866881864749,rice
97,52,95,41.42,87.32211487032745,8.7,296.1233603903046,rice
110,83,153,35.34,99.20779923182306,7.59,227.56119174721468,rice
106,82,137,8.9,82.35967840866358,5.51,150.66599959814195,rice
84,127,97,15.31,87.93428377517928,7.09,201.96303391258039,rice
15,75,68,30.57,83.04400466006281,7.81,213.29795356884563,rice
63,139,140,38.31,86.29753504328183,5.7,295.42025096977557,rice
11,51,45,23.64,88.25267795725293,6.27,279.0882998785502,rice
107,75,84,41.88,94.17524980540995,4.96,216.02389000902963,rice
8,23,139,17.31,80.88119193391744,7.07,184.41466145825956,rice
119,9,86,39.95,87.57694509535072,5.05,254.42702906402556,rice
99,69,53,38.17,89.30916743997847,5.27,151.74868708659687,rice
93,28,138,29.72,88.79141477968702,6.4,240.70908576863582,rice
129,20,193,8.91,91.18766963747566,9.79,170.3196134471709,rice
36,98,112,21.76,81.48116171410173,4.0,191.72597965726877,rice
91,32,109,40.22,83.59296801494523,9.68,278.29899954892153,rice
44,97,91,21.75,95.37797212107765,3.79,176.73532178970146,rice
127,12,67,11.01,89.77258945160912,5.21,217.8798967668239,rice
50,139,129,38.66,96.06533644474823,9.21,240.94554250130517,rice
0,26,167,14.67,83.0571051535876,9.51,299.11469122186895,rice
25,29,96,23.1,86.18126894077675,6.57,293.2172632888763,rice
102,109,32,35.94,99.40067963141733,4.32,238.48813815096088,rice
31,120,92,25.68,82.28776768040237,7.39,239.6299835205686,rice
97,77,153,11.27,96.30755346913465,6.48,164.5590690091475,rice
91,47,101,28.57,92.69031367006401,8.68,225.90956188550268,rice
8,129,57,39.97,88.26720160575184,7.77,183.8925590322086,rice
35,16,147,37.0,95.63326713911795,4.03,181.78786704951207,rice
121,27,91,20.75,93.97807610651374,9.73,212.0589632414457,rice
129,23,70,42.62,95.39293826681855,3.79,264.84680530479,rice
60,88,137,39.64,91.34129951534595,9.6,238.4013215895111,rice
102,83,37,39.09,88.70084559760416,9.49,157.01273017695146,rice
140,105,43,16.59,93.39514240598564,4.64,290.5679378613543,rice
65,131,190,14.84,98.45170045359458,7.54,255.11497998518493,rice
15,78,146,19.2,94.40332991714797,9.38,222.38992571260502,rice
15,121,39,28.47,84.54090311914558,7.18,235.42144749394734,rice
91,118,33,41.78,94.43999413162213,4.44,261.4070392973384,rice
29,17,135,40.83,84.1512811623396,9.74,224.61446523002044,rice
126,71,8,24.61,94.79374790465181,7.43,200.61603627809626,rice
125,37,182,43.47,95.05019035576112,7.35,160.9464531116029,rice
130,51,109,10.07,99.39138890692918,9.42,191.54387719887723,rice
6,84,10,43.14,92.57948439634706,4.91,210.47157968039602,rice
68,137,83,30.8,86.07074261696849,6.41,164.75669256646233,rice
139,74,173,13.98,82.05557491062895,5.16,193.50630495769252,rice
56,13,78,37.57,93.98518438830212,4.66,243.8253400056277,rice
58,118,87,42.77,84.14127447951297,6.27,215.0716423806786,rice
29,50,43,27.64,83.71871043648197,4.19,287.47415590605397,rice
40,115,130,20.02,88.66418400823034,8.95,275.4533996257361,rice
101,8,51,19.38,91.87649909568121,9.01,232.2345955093606,rice
127,64,99,31.89,97.19182139748757,3.91,162.99849991845082,rice
103,123,61,28.38,88.30073850636737,7.94,183.9746799627574,rice
17,127,53,26.57,83.43558043624142,7.02,289.45360488319034,rice
88,121,142,14.07,84.28869473915105,5.41,200.76003433004968,rice
128,82,26,31.14,81.96799690049646,5.98,186.99639370045517,rice
111,16,58,33.57,87.07123475518493,5.48,193.85112606195733,rice
27,93,97,13.04,80.80196084564734,9.2,295.1286057908538,rice
24,10,94,38.58,86.42443223403873,9.47,168.60880316823742,rice
14,89,40,40.48,83.05995186227382,6.26,217.21931221317536,rice
114,49,83,25.94,96.04967350412876,8.37,155.5329502370371,rice
47,37,201,25.56,90.66662471592538,3.66,222.7474856562793,rice
48,11,135,17.48,86.36257130514625,5.16,236.48179979039432,rice
94,76,145,39.17,90.17529623858357,4.25,244.75943123520562,rice
72,28,151,39.31,26.7,7.49,203.29,maize
101,76,152,33.56,64.71,9.65,90.37,maize
30,101,172,40.21,25.43,9.79,122.34,maize
88,102,196,30.18,78.95,5.04,129.48,maize
126,133,25,26.99,86.92,5.64,155.89,maize
78,113,94,33.16,73.57,9.44,216.56,maize
106,43,182,28.71,68.21,9.7,129.36,maize
23,143,46,20.1,48.15,5.78,279.48,maize
126,91,51,41.11,60.67,9.43,257.39,maize
108,139,29,38.02,39.14,5.58,146.36,maize
47,79,31,17.07,86.16,6.24,162.43,maize
108,98,131,18.04,37.01,7.29,137.95,maize
91,68,152,25.31,17.14,5.75,140.35,maize
4,54,36,38.88,48.33,5.23,146.06,maize
130,36,194,12.06,38.58,8.11,92.18,maize
140,120,60,26.83,49.64,6.5,70.43,maize
89,78,86,32.56,74.87,4.31,38.27,maize
57,87,162,42.06,27.09,3.63,93.56,maize
54,5,19,43.29,36.66,9.69,90.34,maize
70,22,106,9.75,30.12,3.54,108.41,maize
3,110,40,23.8,24.57,7.64,162.87,maize
76,67,120,39.91,72.89,7.13,98.66,maize
104,106,69,33.58,77.94,5.19,110.63,maize
26,52,174,36.83,57.35,7.37,80.42,maize
128,94,65,10.87,16.19,9.87,112.51,maize
115,28,72,22.92,62.1,8.98,106.62,maize
54,6,75,18.31,98.58,8.9,89.4,maize
55,50,84,9.6,97.03,6.47,234.64,maize
49,29,6,41.96,37.03,8.61,223.47,maize
39,141,143,30.24,63.85,3.79,250.52,maize
2,108,165,15.7,94.31,4.2,288.69,maize
49,108,21,21.1,69.86,6.85,199.72,maize
24,73,54,13.95,67.71,7.38,205.81,maize
47,37,193,41.28,65.04,5.28,225.98,maize
96,124,183,12.58,50.33,9.6,282.92,maize
126,133,47,38.15,93.26,9.47,138.05,maize
67,72,201,33.39,65.5,5.13,90.31,maize
20,31,179,31.02,88.8,5.87,33.89,maize
5,19,58,24.38,60.02,5.64,273.98,maize
79,86,115,16.2,97.22,7.65,291.38,maize
93,47,38,27.5,68.54,7.99,129.93,maize
103,71,54,41.54,28.98,5.69,217.04,maize
60,9,138,34.71,36.97,6.75,133.37,maize
17,21,151,10.64,19.91,8.38,80.97,maize
85,142,154,28.28,44.28,9.62,21.78,maize
7,134,138,27.93,69.96,6.28,104.24,maize
138,6,98,32.36,62.45,4.68,236.37,maize
129,143,109,16.9,14.22,5.26,218.52,maize
103,15,164,19.2,86.91,7.7,181.3,maize
132,44,86,11.46,28.45,5.02,274.45,maize
84,106,110,32.94,46.42,5.96,178.81,maize
130,130,37,40.56,89.53,3.98,288.97,maize
58,74,13,29.53,50.16,6.83,144.1,maize
21,81,112,36.79,92.39,4.13,292.35,maize
75,131,65,11.93,27.22,5.07,64.33,maize
15,87,98,10.78,36.92,5.62,42.51,maize
98,137,66,10.57,92.77,6.07,48.95,maize
92,56,34,22.04,83.86,5.23,230.59,maize
113,28,181,30.76,73.12,8.28,64.52,maize
24,123,83,42.5,59.75,5.83,132.98,maize
137,50,50,16.87,80.27,4.01,74.27,maize
37,131,101,30.15,27.84,4.82,39.81,maize
92,125,199,26.17,27.31,7.54,226.39,maize
100,82,84,29.48,38.03,4.89,271.06,maize
72,133,63,13.95,96.62,6.8,202.36,maize
57,97,21,12.68,50.97,7.33,115.66,maize
3,101,52,12.55,41.98,4.83,66.74,maize
106,112,141,40.13,69.61,7.41,79.23,maize
12,79,92,28.35,39.32,9.18,42.71,maize
48,75,161,28.44,62.6,6.97,153.93,maize
76,47,91,34.97,82.95,5.48,39.97,maize
37,99,183,12.76,60.8,7.68,137.92,maize
30,137,129,25.45,69.53,7.69,223.67,maize
41,63,165,28.47,24.14,7.69,157.09,maize
26,17,170,29.18,41.63,4.61,288.75,maize
49,80,31,27.74,46.66,4.51,151.86,maize
122,34,95,21.45,64.65,9.46,268.86,maize
125,25,108,40.32,46.52,9.36,61.48,maize
122,13,132,41.34,62.45,3.89,191.9,maize
100,118,14,41.42,20.0,5.62,173.12,maize
10,60,191,39.89,68.73,9.75,253.84,maize
106,69,79,17.8,92.27,4.11,148.85,maize
33,6,24,43.39,61.08,9.78,248.43,maize
125,92,145,13.13,22.13,9.5,76.99,maize
97,138,110,31.73,41.92,8.5,52.06,maize
38,85,95,14.12,17.87,9.37,189.63,maize
126,58,113,22.47,18.74,6.44,143.82,maize
55,98,57,20.75,40.75,8.1,183.52,maize
18,23,200,16.17,51.57,6.95,234.19,maize
30,84,117,33.17,85.94,6.83,24.65,maize
66,87,30,16.49,95.34,4.84,104.33,maize
12,79,58,12.24,14.5,6.28,290.34,maize
113,141,180,19.78,44.07,7.89,128.13,maize
61,125,159,38.93,75.65,9.1,237.36,maize
45,132,153,30.39,22.1,7.39,263.88,maize
53,42,161,15.35,85.1,8.72,112.76,maize
24,144,73,41.8,62.55,6.02,57.23,maize
12,19,182,32.33,94.82,6.8,108.52,maize
99,128,161,37.7,17.75,3.6,95.42,maize
96,7,26,36.47,95.51,8.53,107.38,maize
125,62,78,30.44,68.17,8.27,267.95,chickpea
23,51,118,26.04,39.51,9.42,251.93,chickpea
59,88,32,14.7,34.45,4.27,237.19,chickpea
71,140,103,19.33,94.19,3.68,95.27,chickpea
138,55,116,24.79,68.38,5.36,82.66,chickpea
1,90,36,28.7,75.07,7.16,177.96,chickpea
109,19,110,23.43,50.41,6.38,157.22,chickpea
47,133,112,15.86,41.59,6.59,197.96,chickpea
44,72,58,40.38,60.84,8.77,173.1,chickpea
88,41,23,31.87,30.73,5.87,258.13,chickpea
29,142,180,37.34,82.2,5.73,164.04,chickpea
48,72,37,36.31,44.32,6.96,73.08,chickpea
59,45,171,16.51,38.08,6.45,33.22,chickpea
67,35,149,30.18,89.55,4.09,31.93,chickpea
64,103,181,26.79,76.51,4.87,204.98,chickpea
17,35,62,20.37,95.47,5.89,84.75,chickpea
101,140,186,15.87,31.42,6.76,212.21,chickpea
53,33,202,26.22,27.86,9.28,147.75,chickpea
96,112,162,36.26,83.54,5.26,139.1,chickpea
125,144,25,16.61,67.64,8.07,23.46,chickpea
15,112,155,23.1,72.98,9.06,119.02,chickpea
78,34,120,12.85,91.7,3.99,145.71,chickpea
4,107,194,20.05,98.81,9.77,234.41,chickpea
53,50,191,39.41,71.32,8.46,37.48,chickpea
85,73,13,18.27,82.34,8.8,292.05,chickpea
84,48,105,32.74,90.23,6.62,157.2,chickpea
15,114,200,41.91,76.23,9.23,284.17,chickpea
97,133,110,13.38,72.53,8.13,265.74,chickpea
45,106,23,18.24,53.45,4.75,279.35,chickpea
90,98,188,29.65,62.16,4.02,91.24,chickpea
2,99,156,11.15,62.05,8.52,166.61,chickpea
9,65,32,34.37,15.0,6.7,84.48,chickpea
84,43,7,14.68,51.74,4.91,288.61,chickpea
29,9,97,23.36,65.18,5.99,117.23,chickpea
34,18,182,18.24,62.85,7.78,65.53,chickpea
24,45,192,15.74,20.59,9.06,116.92,chickpea
20,25,184,25.6,33.3,8.48,137.9,chickpea
2,140,59,28.89,56.09,7.83,249.34,chickpea
110,73,42,25.46,92.72,8.76,179.12,chickpea
134,19,99,28.51,90.51,5.37,247.11,chickpea
51,127,147,22.16,94.15,4.31,264.29,chickpea
122,86,72,24.88,92.98,6.71,111.18,chickpea
124,65,31,27.81,94.59,6.58,277.34,chickpea
54,141,182,42.94,39.96,6.52,267.67,chickpea
60,40,172,24.68,96.95,3.63,231.17,chickpea
132,15,155,39.91,81.99,9.28,234.17,chickpea
32,17,6,27.52,44.24,4.21,93.75,chickpea
103,90,56,20.29,56.69,4.09,225.12,chickpea
124,131,38,33.75,58.04,5.61,58.96,chickpea
115,14,121,32.17,84.93,6.09,290.57,chickpea
121,144,98,10.79,68.76,4.25,183.83,chickpea
66,38,127,36.95,62.37,6.75,163.69,chickpea
25,84,82,31.28,44.45,3.84,249.62,chickpea
84,23,36,38.62,32.26,5.06,176.46,chickpea
7,69,63,20.66,61.91,4.84,203.31,chickpea
36,41,147,24.15,72.13,5.99,109.86,chickpea
76,82,21,9.24,18.6,5.21,91.11,chickpea
98,128,16,14.36,72.02,5.32,129.34,chickpea
43,18,152,36.35,30.8,4.91,56.78,chickpea
4,55,38,36.8,93.46,4.89,135.61,chickpea
15,34,79,31.72,50.26,3.57,204.34,chickpea
34,122,131,40.18,64.28,8.86,21.99,chickpea
112,12,112,42.96,46.91,5.88,193.55,chickpea
19,139,53,27.51,90.99,5.57,91.68,chickpea
43,97,58,29.03,73.16,6.5,148.59,chickpea
46,33,65,26.92,43.46,8.36,220.22,chickpea
122,31,194,9.7,39.81,6.05,80.82,chickpea
127,99,196,29.93,20.93,6.7,96.9,chickpea
65,96,154,38.11,90.68,6.91,61.82,chickpea
7,50,43,43.04,36.49,7.18,43.15,chickpea
66,43,111,13.4,17.0,6.73,113.66,chickpea
117,35,5,19.91,15.92,6.82,187.55,chickpea
33,57,49,41.84,70.95,7.62,233.2,chickpea
58,77,177,28.9,83.39,9.46,70.17,chickpea
122,113,49,40.13,88.17,5.79,196.97,chickpea
69,79,199,24.56,26.37,7.07,112.83,chickpea
101,114,126,37.02,83.04,7.99,42.62,chickpea
95,55,117,14.38,28.77,8.39,52.24,chickpea
24,20,56,38.88,90.28,5.42,167.43,chickpea
88,58,159,13.34,71.29,6.3,258.9,chickpea
120,119,166,27.95,52.44,5.82,57.96,chickpea
24,131,135,13.71,81.9,5.11,154.45,chickpea
115,117,142,30.08,49.06,4.26,272.31,chickpea
16,56,93,15.48,15.11,9.05,277.29,chickpea
27,114,138,26.56,25.34,5.75,29.01,chickpea
19,68,6,28.17,46.83,3.97,278.21,chickpea
39,31,173,26.83,66.35,3.97,33.02,chickpea
85,98,100,39.55,93.13,7.91,141.1,chickpea
9,27,34,9.34,87.38,7.02,151.74,chickpea
13,48,56,24.01,25.32,5.0,129.64,chickpea
137,60,78,28.74,88.38,7.36,277.32,chickpea
120,42,48,39.25,84.98,4.38,46.05,chickpea
42,115,156,37.78,67.93,7.55,144.34,chickpea
68,112,85,37.12,28.35,4.94,215.71,chickpea
98,14,203,13.79,31.92,7.05,215.66,chickpea
1,124,60,34.63,53.3,9.08,111.54,chickpea
115,100,151,23.1,18.02,7.98,289.41,chickpea
19,115,15,36.78,49.0,6.14,22.94,chickpea
140,20,95,9.37,29.28,8.64,162.82,chickpea
77,121,141,10.9,56.07,5.03,70.53,chickpea
133,121,187,17.77,86.86,5.94,115.21,kidneybeans
33,64,148,23.33,32.24,6.99,164.12,kidneybeans
132,129,19,26.1,32.16,5.33,240.02,kidneybeans
17,83,169,39.36,71.59,6.92,254.46,kidneybeans
86,95,48,26.55,80.86,8.52,293.14,kidneybeans
97,89,46,23.47,16.39,9.27,26.74,kidneybeans
112,104,120,28.53,35.15,7.93,89.42,kidneybeans
27,89,185,32.18,64.37,7.36,132.63,kidneybeans
72,98,200,11.01,75.25,7.88,162.89,kidneybeans
107,93,90,22.37,55.14,6.11,278.88,kidneybeans
101,87,162,27.51,56.87,9.27,85.27,kidneybeans
71,104,113,39.74,75.81,5.11,258.61,kidneybeans
73,25,155,12.94,31.73,8.94,77.72,kidneybeans
74,109,74,11.04,78.92,4.35,179.13,kidneybeans
57,48,32,31.41,43.44,8.59,197.65,kidneybeans
77,30,203,36.72,62.48,8.92,257.0,kidneybeans
82,20,163,43.6,21.02,5.23,267.47,kidneybeans
101,115,39,37.84,98.08,6.89,36.13,kidneybeans
76,117,164,33.28,53.08,9.5,257.65,kidneybeans
85,145,171,40.66,86.59,8.84,205.96,kidneybeans
89,93,47,43.5,66.68,7.27,181.59,kidneybeans
73,132,136,30.59,89.83,7.89,187.2,kidneybeans
40,133,104,36.28,80.64,4.11,219.64,kidneybeans
27,129,71,33.86,50.25,9.73,174.97,kidneybeans
73,61,25,13.0,80.11,6.16,168.77,kidneybeans
35,105,95,30.96,80.54,7.98,215.05,kidneybeans
13,13,142,25.36,85.21,7.6,45.44,kidneybeans
23,102,18,12.68,43.97,7.86,70.69,kidneybeans
0,36,6,29.2,74.85,6.79,284.86,kidneybeans
78,67,198,34.91,46.87,7.73,295.97,kidneybeans
29,75,163,15.94,32.53,5.85,150.7,kidneybeans
8,49,41,39.07,81.86,5.48,157.26,kidneybeans
48,26,46,21.32,78.81,4.06,204.24,kidneybeans
16,116,161,15.55,78.77,9.61,243.34,kidneybeans
0,41,20,15.73,47.89,7.46,165.0,kidneybeans
80,101,32,30.62,35.99,8.5,286.74,kidneybeans
90,55,50,16.46,35.86,9.19,52.91,kidneybeans
91,130,59,13.07,41.75,6.22,247.8,kidneybeans
30,41,19,39.5,52.04,3.7,148.36,kidneybeans
103,64,130,42.35,80.04,7.64,267.08,kidneybeans
34,125,9,9.75,31.35,9.39,190.78,kidneybeans
15,119,17,16.06,33.76,5.61,57.6,kidneybeans
114,36,104,37.37,97.54,8.54,75.92,kidneybeans
45,11,202,33.05,85.78,8.92,273.81,kidneybeans
80,108,133,42.58,74.55,6.26,35.75,kidneybeans
3,116,43,10.7,91.33,6.41,59.97,kidneybeans
9,70,36,13.69,17.66,7.87,282.5,kidneybeans
56,84,66,22.31,97.53,8.17,73.6,kidneybeans
48,84,5,28.89,95.64,5.84,81.21,kidneybeans
38,138,118,25.88,27.01,5.84,85.6,kidneybeans
86,134,148,22.98,39.0,8.45,82.44,kidneybeans
118,16,66,19.92,84.33,8.68,153.25,kidneybeans
120,86,182,38.74,66.5,8.91,241.68,kidneybeans
85,69,153,32.1,24.55,9.22,194.89,kidneybeans
6,112,95,22.47,51.22,7.12,65.39,kidneybeans
122,132,164,42.52,46.53,7.28,83.31,kidneybeans
34,5,160,29.83,69.45,4.64,41.91,kidneybeans
76,106,77,35.16,74.98,6.71,41.49,kidneybeans
89,92,34,12.3,42.3,8.18,90.08,kidneybeans
127,107,187,16.28,37.63,7.46,181.39,kidneybeans
16,105,53,31.54,30.37,8.52,296.82,kidneybeans
74,54,143,38.48,52.86,7.29,48.52,kidneybeans
109,126,175,10.52,58.25,3.74,279.15,kidneybeans
58,120,178,37.26,43.56,4.54,61.82,kidneybeans
65,73,49,17.56,94.83,9.14,229.26,kidneybeans
80,94,21,27.25,67.61,7.48,284.14,kidneybeans
119,51,186,37.15,87.35,3.83,87.32,kidneybeans
97,139,61,32.33,60.51,6.92,128.84,kidneybeans
41,116,188,35.04,56.95,6.64,175.11,kidneybeans
76,144,182,31.97,28.16,6.63,200.94,kidneybeans
8,105,12,37.47,40.37,5.82,266.21,kidneybeans
52,57,43,19.93,28.64,9.18,65.34,kidneybeans
51,71,145,8.98,99.66,8.12,146.83,kidneybeans
83,77,104,22.25,50.84,5.55,196.41,kidneybeans
110,114,29,23.83,80.49,6.68,186.1,kidneybeans
99,11,8,14.27,23.36,6.43,269.83,kidneybeans
4,136,148,39.5,16.99,7.94,263.85,kidneybeans
75,47,32,16.05,57.21,4.19,44.25,kidneybeans
109,44,80,39.51,67.58,6.46,202.85,kidneybeans
11,65,54,35.34,65.94,8.63,33.42,kidneybeans
36,46,134,36.43,28.39,9.12,203.18,kidneybeans
30,96,68,42.01,84.88,4.25,40.09,kidneybeans
30,68,78,18.79,48.89,5.99,264.29,kidneybeans
0,110,86,21.79,18.05,8.91,181.19,kidneybeans
138,78,48,24.74,89.7,4.75,292.32,kidneybeans
77,64,154,16.36,72.86,4.66,50.02,kidneybeans
55,89,14,16.81,16.08,3.51,274.6,kidneybeans
79,140,197,31.08,23.53,8.03,56.24,kidneybeans
12,33,162,9.25,14.64,4.72,55.95,kidneybeans
137,127,78,41.98,34.91,7.39,176.09,kidneybeans
25,43,146,9.81,39.93,4.7,250.01,kidneybeans
74,96,165,34.17,91.39,9.48,118.71,kidneybeans
8,135,35,22.06,44.01,4.87,281.48,kidneybeans
18,135,191,11.13,97.49,7.14,139.74,kidneybeans
76,120,101,10.93,41.62,5.48,217.81,kidneybeans
14,124,47,22.14,54.5,8.25,231.77,kidneybeans
44,81,57,17.91,77.56,8.36,242.11,kidneybeans
59,15,98,19.77,49.23,9.26,96.97,kidneybeans
125,19,36,9.47,61.59,9.79,206.38,kidneybeans
17,7,173,32.33,88.47,5.17,283.46,kidneybeans
39,17,28,35.53,83.04,8.95,207.8,pigeonpeas
131,23,190,19.63,86.09,6.94,295.73,pigeonpeas
111,61,81,12.19,19.71,4.06,121.56,pigeonpeas
85,98,80,15.21,76.34,4.92,118.72,pigeonpeas
102,104,21,17.94,64.41,8.96,279.74,pigeonpeas
85,66,16,31.02,83.47,6.74,278.26,pigeonpeas
138,67,52,25.45,40.18,6.04,142.38,pigeonpeas
108,116,140,12.28,43.28,8.84,62.76,pigeonpeas
43,11,159,27.96,91.29,7.95,217.25,pigeonpeas
92,114,26,21.23,83.62,6.39,25.58,pigeonpeas
21,58,90,9.88,48.57,5.35,116.81,pigeonpeas
56,46,59,32.18,68.44,7.02,64.92,pigeonpeas
119,10,184,27.55,38.07,6.7,94.3,pigeonpeas
84,14,203,14.71,72.27,6.14,102.69,pigeonpeas
63,23,22,20.8,64.55,7.41,48.1,pigeonpeas
106,64,94,18.16,60.69,8.77,167.9,pigeonpeas
23,122,74,12.61,84.71,3.65,58.4,pigeonpeas
29,145,123,33.06,82.34,6.17,81.1,pigeonpeas
35,112,35,15.02,70.58,4.86,32.97,pigeonpeas
100,24,203,18.36,73.2,9.86,200.1,pigeonpeas
1,34,17,38.91,59.45,6.02,63.82,pigeonpeas
67,65,9,38.81,19.54,8.29,258.6,pigeonpeas
41,143,11,39.12,29.87,4.56,201.27,pigeonpeas
7,50,134,17.22,54.8,7.13,219.9,pigeonpeas
131,30,173,12.31,69.22,8.23,287.71,pigeonpeas
98,5,40,34.75,30.99,8.84,20.06,pigeonpeas
132,141,186,40.91,46.51,7.4,291.13,pigeonpeas
26,145,20,32.22,65.0,4.82,24.19,pigeonpeas
126,87,46,32.4,29.44,5.24,111.06,pigeonpeas
34,106,192,22.38,75.43,5.4,161.65,pigeonpeas
125,88,46,21.17,89.84,5.02,181.75,pigeonpeas
85,109,60,41.21,62.26,8.91,250.64,pigeonpeas
88,30,58,25.85,94.94,9.1,136.84,pigeonpeas
56,138,149,41.24,37.4,7.36,127.42,pigeonpeas
95,139,104,39.61,62.28,7.0,71.19,pigeonpeas
36,41,106,40.06,60.76,4.13,91.76,pigeonpeas
72,138,165,31.34,30.42,8.12,97.13,pigeonpeas
109,43,26,26.1,58.31,4.92,108.82,pigeonpeas
43,9,144,13.6,67.55,4.67,292.01,pigeonpeas
49,21,181,22.52,32.57,4.66,290.74,pigeonpeas
10,127,43,9.19,64.49,7.65,149.04,pigeonpeas
75,33,143,23.86,62.68,7.87,64.0,pigeonpeas
35,104,200,21.59,29.61,6.06,293.79,pigeonpeas
71,49,79,12.71,34.24,7.57,155.17,pigeonpeas
8,78,89,38.29,93.72,9.3,207.98,pigeonpeas
126,124,164,23.78,83.01,7.96,46.92,pigeonpeas
60,125,188,16.17,14.04,6.36,145.92,pigeonpeas
99,117,20,41.37,67.1,8.95,141.92,pigeonpeas
95,125,84,41.5,94.49,7.51,57.53,pigeonpeas
96,8,67,12.74,49.9,5.16,131.44,pigeonpeas
64,73,111,28.67,29.44,5.99,260.36,pigeonpeas
57,42,162,12.81,82.95,4.18,166.96,pigeonpeas
127,107,23,24.1,45.02,9.0,218.13,pigeonpeas
98,108,15,39.56,73.73,6.74,68.16,pigeonpeas
121,99,138,40.78,33.95,4.94,66.02,pigeonpeas
105,128,44,42.42,85.42,9.47,155.06,pigeonpeas
75,78,204,19.59,90.99,7.96,130.59,pigeonpeas
108,17,56,37.51,67.81,4.43,292.95,pigeonpeas
126,11,170,22.87,18.93,4.32,210.28,pigeonpeas
91,121,143,21.62,25.98,8.43,254.79,pigeonpeas
30,81,11,35.02,45.03,7.8,158.06,pigeonpeas
27,127,54,13.85,57.8,4.1,294.41,pigeonpeas
83,115,57,10.88,68.98,3.8,30.34,pigeonpeas
77,43,189,23.12,34.96,7.06,102.97,pigeonpeas
129,69,12,36.14,56.56,3.68,27.41,pigeonpeas
47,57,18,25.64,60.49,3.98,33.52,pigeonpeas
134,111,156,25.68,94.45,9.07,249.12,pigeonpeas
8,117,132,13.13,88.87,8.28,114.15,pigeonpeas
100,39,157,16.84,19.57,4.28,122.44,pigeonpeas
20,8,96,12.65,57.15,5.26,277.53,pigeonpeas
35,8,113,38.44,55.15,7.7,173.92,pigeonpeas
108,85,82,17.43,77.85,4.03,126.27,pigeonpeas
132,139,100,38.86,44.68,6.39,291.52,pigeonpeas
85,102,71,20.01,35.47,6.01,79.89,pigeonpeas
123,80,52,41.94,60.07,9.53,148.56,pigeonpeas
133,115,24,11.59,93.09,8.59,214.4,pigeonpeas
16,100,56,10.96,95.23,9.13,270.28,pigeonpeas
140,137,27,18.11,49.54,6.28,262.99,pigeonpeas
22,122,90,22.69,39.82,6.24,36.7,pigeonpeas
136,126,172,16.83,76.21,4.4,279.27,pigeonpeas
38,41,54,25.03,84.95,7.66,72.09,pigeonpeas
15,35,39,17.08,65.61,7.68,106.89,pigeonpeas
133,75,64,22.04,93.28,3.98,131.76,pigeonpeas
39,119,19,43.01,73.26,5.02,23.23,pigeonpeas
134,15,201,17.66,73.9,6.41,50.13,pigeonpeas
46,116,42,18.92,35.76,7.06,104.96,pigeonpeas
26,107,37,31.51,91.72,3.97,185.77,pigeonpeas
65,143,54,30.64,54.83,3.97,201.05,pigeonpeas
137,27,23,31.04,65.15,8.11,240.05,pigeonpeas
58,53,142,18.47,61.23,7.51,113.32,pigeonpeas
94,69,161,37.42,33.29,5.3,135.7,pigeonpeas
113,20,153,10.9,19.4,7.32,191.47,pigeonpeas
102,19,190,19.8,83.9,6.04,71.94,pigeonpeas
36,130,6,33.91,48.93,6.05,255.09,pigeonpeas
71,34,56,27.74,76.27,5.12,226.94,pigeonpeas
113,84,139,24.56,21.79,6.52,41.9,pigeonpeas
30,29,201,19.16,58.0,7.96,217.98,pigeonpeas
80,40,113,34.79,20.93,7.55,108.13,pigeonpeas
27,93,61,11.26,87.87,3.98,86.96,pigeonpeas
80,50,128,39.59,22.49,4.59,191.06,pigeonpeas
21,108,136,22.09,93.32,6.16,259.71,mothbeans
98,40,185,18.01,78.86,8.19,54.04,mothbeans
34,37,28,43.04,91.11,9.71,38.84,mothbeans
76,63,112,14.14,83.33,5.5,278.94,mothbeans
18,111,90,21.17,70.07,8.53,172.2,mothbeans
70,99,65,13.2,18.97,6.72,158.34,mothbeans
67,110,83,30.91,33.65,3.85,71.11,mothbeans
78,53,45,36.48,70.95,7.55,256.93,mothbeans
117,122,51,25.43,35.38,5.5,65.23,mothbeans
57,6,71,24.19,19.63,4.69,35.81,mothbeans
16,92,146,20.47,85.58,6.32,26.32,mothbeans
98,53,102,32.2,65.76,5.81,130.13,mothbeans
57,10,141,37.77,92.87,9.32,244.08,mothbeans
116,25,158,27.53,93.39,9.14,152.52,mothbeans
115,37,195,42.95,50.55,7.64,291.97,mothbeans
25,12,154,32.61,14.46,7.19,244.98,mothbeans
72,65,127,11.46,75.13,5.15,157.75,mothbeans
74,37,121,33.59,37.38,6.92,111.96,mothbeans
118,91,76,39.54,66.0,5.97,181.9,mothbeans
64,99,122,31.07,58.67,5.5,128.48,mothbeans
68,139,113,11.8,67.95,5.3,83.65,mothbeans
0,127,82,32.48,87.16,9.21,243.95,mothbeans
103,30,90,20.81,15.26,8.66,181.06,mothbeans
117,104,110,34.56,54.26,7.33,106.1,mothbeans
46,100,49,14.49,59.21,6.6,150.17,mothbeans
46,88,70,19.9,35.67,4.27,294.07,mothbeans
10,112,120,19.43,93.82,6.88,121.09,mothbeans
48,48,177,40.78,35.18,8.44,239.23,mothbeans
115,89,16,37.11,52.54,6.67,285.06,mothbeans
127,120,108,16.18,62.67,9.07,91.26,mothbeans
79,50,30,14.85,32.84,7.22,187.24,mothbeans
124,129,66,11.41,21.21,6.83,142.34,mothbeans
17,100,145,24.78,97.43,5.5,255.82,mothbeans
83,19,134,12.7,28.58,6.98,276.11,mothbeans
42,105,109,17.67,46.99,4.18,42.89,mothbeans
30,33,97,42.72,51.02,8.96,143.27,mothbeans
131,53,168,23.28,82.99,8.31,150.72,mothbeans
60,75,48,15.7,26.15,5.22,29.17,mothbeans
74,71,59,38.19,43.75,7.87,222.13,mothbeans
71,92,6,18.61,29.65,8.91,47.36,mothbeans
55,143,40,13.56,93.09,7.12,67.26,mothbeans
16,75,18,38.06,35.31,6.79,93.97,mothbeans
5,123,33,25.39,76.24,6.61,184.83,mothbeans
11,51,66,30.26,15.39,9.87,234.07,mothbeans
57,140,32,38.3,65.6,5.83,168.87,mothbeans
91,133,186,28.16,62.08,8.11,73.17,mothbeans
2,121,124,31.48,77.16,6.05,277.31,mothbeans
96,97,41,23.06,43.51,8.69,212.93,mothbeans
58,62,31,25.26,27.42,7.26,69.98,mothbeans
136,138,180,17.86,59.43,7.0,97.76,mothbeans
4,98,131,11.46,85.9,9.39,197.44,mothbeans
124,142,21,37.2,57.43,9.16,222.15,mothbeans
123,121,93,22.04,80.17,5.07,184.3,mothbeans
137,117,35,28.2,97.33,3.86,267.34,mothbeans
23,142,8,10.21,91.94,3.53,274.62,mothbeans
78,5,41,18.97,30.44,7.41,28.9,mothbeans
51,15,108,38.61,73.97,6.94,32.02,mothbeans
94,34,34,25.96,64.27,7.21,51.5,mothbeans
91,71,141,17.9,48.82,5.67,41.56,mothbeans
95,112,177,26.58,47.36,8.44,97.59,mothbeans
37,23,119,21.28,74.4,4.21,26.55,mothbeans
97,101,138,20.49,70.95,4.99,263.39,mothbeans
86,145,37,39.68,18.18,7.49,124.56,mothbeans
93,12,102,29.94,78.75,8.43,267.11,mothbeans
72,120,60,30.46,27.62,8.49,71.04,mothbeans
34,132,144,36.46,86.82,6.91,138.8,mothbeans
26,100,162,29.65,84.55,8.74,68.51,mothbeans
70,74,68,32.77,25.55,8.66,32.75,mothbeans
111,45,116,13.27,15.16,9.84,45.71,mothbeans
73,109,15,10.2,84.45,5.08,159.09,mothbeans
101,80,186,24.2,75.58,5.26,234.46,mothbeans
48,38,190,22.3,70.48,4.64,239.28,mothbeans
100,110,43,11.28,77.61,9.37,62.46,mothbeans
36,115,12,21.29,20.47,9.08,226.47,mothbeans
125,60,110,26.23,90.87,9.16,57.63,mothbeans
137,20,77,34.76,88.82,6.81,134.23,mothbeans
71,93,75,31.85,89.6,8.69,63.81,mothbeans
71,60,166,10.0,63.48,5.82,285.2,mothbeans
129,82,179,22.18,37.76,6.76,232.69,mothbeans
56,56,182,36.8,44.6,5.77,288.49,mothbeans
41,51,173,13.3,88.93,4.7,89.73,mothbeans
86,139,122,28.23,63.44,7.68,147.44,mothbeans
35,143,97,17.0,85.66,7.38,212.13,mothbeans
99,57,199,17.28,31.91,5.51,272.22,mothbeans
47,76,179,15.81,14.78,7.09,76.7,mothbeans
121,10,166,10.18,57.44,6.35,64.6,mothbeans
79,75,7,9.3,83.46,6.71,251.1,mothbeans
113,16,183,31.84,58.15,3.79,100.94,mothbeans
123,38,197,36.3,69.27,3.79,179.99,mothbeans
31,29,150,43.05,61.91,9.35,293.82,mothbeans
35,139,169,16.22,20.57,9.66,240.19,mothbeans
66,77,170,23.28,85.11,6.03,80.25,mothbeans
140,35,183,13.43,27.91,9.32,70.18,mothbeans
76,115,62,13.52,85.31,9.04,263.33,mothbeans
65,36,39,10.73,65.82,8.59,217.54,mothbeans
22,14,158,11.49,39.87,8.99,165.29,mothbeans
45,81,20,38.55,63.56,4.99,58.22,mothbeans
57,130,162,34.68,51.42,5.8,141.74,mothbeans
15,124,72,16.69,21.05,9.14,208.33,mothbeans
79,60,138,30.38,92.32,4.58,235.52,mothbeans
64,73,156,10.64,36.73,7.38,172.16,mungbean
127,106,174,24.21,83.36,5.54,133.52,mungbean
30,113,135,18.7,20.9,8.69,286.65,mungbean
34,54,189,38.85,31.81,6.81,292.61,mungbean
111,19,183,14.52,22.05,4.93,25.97,mungbean
102,11,177,26.79,97.9,6.57,65.93,mungbean
62,47,164,33.54,80.01,7.98,182.31,mungbean
15,7,118,34.23,83.67,9.44,227.44,mungbean
44,22,11,16.97,59.27,5.24,147.96,mungbean
26,63,106,32.51,34.92,7.11,63.78,mungbean
111,128,35,9.06,20.26,8.65,185.66,mungbean
33,112,137,34.91,76.7,9.87,34.06,mungbean
41,145,57,36.82,15.49,6.76,258.79,mungbean
19,48,193,43.04,29.98,3.84,272.71,mungbean
98,110,99,22.17,36.43,4.53,166.15,mungbean
103,123,197,10.46,19.36,9.88,143.2,mungbean
95,104,122,12.55,78.5,5.69,254.52,mungbean
129,20,175,18.84,19.67,7.8,93.05,mungbean
125,125,182,35.39,31.19,8.3,249.17,mungbean
136,127,76,28.15,76.56,4.01,24.56,mungbean
42,94,29,39.8,58.83,9.35,106.01,mungbean
0,143,120,16.1,25.63,5.94,107.3,mungbean
36,50,114,19.71,15.22,8.9,54.76,mungbean
138,25,200,17.78,33.59,5.54,108.09,mungbean
102,140,80,18.27,35.85,7.95,249.32,mungbean
96,54,160,9.17,38.78,9.32,186.34,mungbean
9,73,187,10.87,41.67,8.66,135.1,mungbean
45,21,151,13.93,15.79,8.04,30.24,mungbean
20,65,5,37.2,19.33,3.63,252.05,mungbean
102,55,72,14.45,49.88,7.56,129.35,mungbean
108,108,77,16.17,77.32,4.79,53.37,mungbean
140,103,67,41.91,76.46,6.16,256.73,mungbean
102,103,67,35.54,34.76,3.59,58.13,mungbean
74,22,53,19.9,19.26,4.09,36.63,mungbean
17,15,38,12.97,52.05,6.15,193.26,mungbean
68,58,18,13.45,24.55,5.22,35.66,mungbean
122,133,146,41.29,44.7,6.74,69.12,mungbean
59,41,27,29.19,34.49,4.39,234.89,mungbean
117,116,8,37.32,81.09,7.01,51.34,mungbean
15,124,176,18.53,57.2,8.68,159.07,mungbean
74,41,160,36.02,95.99,7.16,43.93,mungbean
110,121,126,12.7,40.0,6.44,262.75,mungbean
95,42,32,32.05,31.03,5.99,24.93,mungbean
70,113,21,40.26,49.8,5.17,291.64,mungbean
133,142,120,20.66,90.57,7.63,112.49,mungbean
69,121,11,43.02,65.0,8.87,171.35,mungbean
81,79,106,9.68,40.54,7.03,42.5,mungbean
36,107,102,33.23,89.57,6.05,165.4,mungbean
115,19,154,39.58,70.39,4.96,228.0,mungbean
5,97,162,37.5,75.5,6.45,267.76,mungbean
40,132,109,31.82,55.85,5.07,125.76,mungbean
4,48,41,29.21,97.05,9.1,25.79,mungbean
121,102,202,12.3,41.61,3.71,266.12,mungbean
49,44,58,42.33,54.52,9.84,229.2,mungbean
67,136,62,20.72,78.3,7.79,83.76,mungbean
102,12,73,25.4,81.09,9.52,280.46,mungbean
52,46,156,24.63,22.78,5.56,161.23,mungbean
57,119,158,23.34,65.66,6.92,131.91,mungbean
111,53,120,33.05,20.28,6.31,216.99,mungbean
1,66,95,41.92,28.76,5.14,124.38,mungbean
117,143,152,30.99,37.61,7.69,39.07,mungbean
98,30,150,35.4,29.66,3.58,155.75,mungbean
10,17,52,12.64,98.87,6.62,161.78,mungbean
44,12,144,35.26,77.7,9.46,82.14,mungbean
77,45,107,42.26,40.15,5.51,98.13,mungbean
50,79,73,19.59,92.93,9.77,212.19,mungbean
6,88,75,12.68,58.6,5.34,256.5,mungbean
112,107,28,35.32,35.45,6.73,117.56,mungbean
104,46,41,24.77,99.67,9.23,52.85,mungbean
90,11,33,42.66,33.2,3.85,166.86,mungbean
87,105,106,12.3,71.23,5.29,174.01,mungbean
79,116,134,24.88,69.33,7.16,71.27,mungbean
90,76,118,17.29,38.19,7.86,107.55,mungbean
64,58,72,10.2,50.87,6.34,280.29,mungbean
128,40,147,38.38,76.29,8.26,293.41,mungbean
50,70,19,24.13,48.33,7.61,201.73,mungbean
89,58,50,41.69,22.52,9.73,132.9,mungbean
138,58,132,40.98,22.13,5.21,131.75,mungbean
46,88,167,28.89,70.74,7.95,276.77,mungbean
139,12,157,28.73,35.3,3.66,283.39,mungbean
94,89,142,26.38,90.62,5.21,262.25,mungbean
95,86,201,39.57,56.42,4.27,268.16,mungbean
36,39,142,41.69,63.78,5.35,56.64,mungbean
93,108,141,40.98,90.08,8.13,171.59,mungbean
94,116,138,19.88,19.38,8.17,268.19,mungbean
111,134,78,17.53,69.35,9.17,144.33,mungbean
132,35,38,22.89,73.8,3.96,274.49,mungbean
110,61,170,11.03,78.85,8.35,292.57,mungbean
61,107,171,16.28,94.74,3.77,28.3,mungbean
113,66,200,22.37,65.97,6.27,52.17,mungbean
22,42,26,38.79,21.83,8.47,281.12,mungbean
14,143,65,37.79,94.61,5.87,199.49,mungbean
40,140,187,12.24,33.12,7.05,213.78,mungbean
99,33,153,20.76,17.92,3.7,44.89,mungbean
97,53,132,42.76,21.13,9.53,290.45,mungbean
104,52,62,16.88,18.18,6.2,93.23,mungbean
27,82,184,39.52,47.16,4.14,213.06,mungbean
17,36,7,18.83,59.75,5.9,134.11,mungbean
63,25,172,16.41,82.26,5.48,206.41,mungbean
134,140,176,23.42,93.34,6.96,119.69,mungbean
100,131,75,38.09,24.2,4.24,205.28,blackgram
35,123,83,40.89,55.79,6.26,180.32,blackgram
72,25,113,15.29,16.62,9.2,182.91,blackgram
13,58,176,30.13,95.27,7.84,255.67,blackgram
104,129,23,20.09,98.74,6.76,194.75,blackgram
78,84,25,15.84,15.22,3.6,101.55,blackgram
64,111,93,8.82,14.19,7.96,254.33,blackgram
73,74,15,21.29,53.51,7.36,286.85,blackgram
115,25,182,19.78,16.69,7.56,73.27,blackgram
78,109,172,39.28,34.96,6.88,264.25,blackgram
55,81,138,13.35,22.05,6.09,90.11,blackgram
96,19,98,28.17,87.12,6.52,174.13,blackgram
27,41,55,37.02,88.44,6.49,78.56,blackgram
18,24,163,37.31,39.01,8.75,109.32,blackgram
31,47,72,19.36,46.5,8.92,96.51,blackgram
49,100,66,27.96,61.45,4.72,262.65,blackgram
70,6,204,21.56,27.53,3.68,134.0,blackgram
1,134,6,27.7,39.69,7.02,291.2,blackgram
89,10,185,26.54,26.04,4.39,267.41,blackgram
63,65,139,17.16,38.14,6.93,224.86,blackgram
34,85,13,21.25,39.96,5.53,176.9,blackgram
58,11,52,12.64,60.22,4.62,179.52,blackgram
2,17,116,31.49,29.49,8.09,225.16,blackgram
88,58,42,32.83,54.08,5.7,281.11,blackgram
66,134,186,36.89,81.24,5.79,219.78,blackgram
122,65,67,28.48,30.47,9.17,201.44,blackgram
109,24,106,24.61,93.42,7.67,261.86,blackgram
81,9,40,32.06,28.61,5.63,70.0,blackgram
56,98,92,17.16,32.3,8.77,154.68,blackgram
83,33,165,26.95,99.75,7.92,113.43,blackgram
135,124,18,24.53,45.68,5.76,172.66,blackgram
17,106,56,20.27,80.57,9.13,67.22,blackgram
55,97,36,37.04,45.04,6.28,297.81,blackgram
18,43,116,15.41,31.64,6.12,68.62,blackgram
130,36,196,41.55,90.46,6.02,271.56,blackgram
26,41,46,17.55,98.88,8.72,91.16,blackgram
37,140,164,24.28,59.31,6.46,163.41,blackgram
81,144,125,37.59,66.53,6.15,296.66,blackgram
50,40,157,25.05,22.82,6.81,105.13,blackgram
95,42,27,32.89,79.13,7.93,208.93,blackgram
128,33,81,41.12,43.32,4.87,23.38,blackgram
26,145,64,19.84,58.4,6.95,97.66,blackgram
64,118,157,15.83,69.21,8.46,154.12,blackgram
100,87,189,24.47,28.45,9.37,161.66,blackgram
128,135,70,42.14,83.67,7.5,258.01,blackgram
34,52,203,17.91,97.93,8.86,133.05,blackgram
72,119,197,18.17,15.23,7.1,256.39,blackgram
86,11,126,40.46,45.34,4.44,169.69,blackgram
118,133,25,9.6,44.48,3.83,65.2,blackgram
37,30,98,33.01,91.74,3.96,128.67,blackgram
110,116,197,36.62,41.4,8.15,276.56,blackgram
95,25,58,9.57,26.38,6.55,270.28,blackgram
36,112,193,38.39,42.83,6.72,169.0,blackgram
99,125,26,15.94,54.7,4.8,160.39,blackgram
117,27,50,41.58,21.25,4.08,43.16,blackgram
98,6,107,31.26,53.65,6.01,43.05,blackgram
82,42,180,20.92,88.49,3.71,245.22,blackgram
1,72,160,38.66,66.36,4.46,190.84,blackgram
3,84,61,41.48,65.59,7.13,51.85,blackgram
97,15,35,30.39,37.18,9.07,72.54,blackgram
107,18,53,16.22,58.19,8.89,163.96,blackgram
74,140,201,23.31,19.73,7.32,55.28,blackgram
32,82,25,36.28,55.96,7.86,125.89,blackgram
58,110,169,26.14,75.57,7.83,229.84,blackgram
65,57,14,12.03,19.04,8.6,205.37,blackgram
130,83,95,42.84,71.61,9.43,248.92,blackgram
52,67,97,19.26,93.33,9.39,192.26,blackgram
121,103,54,34.77,28.76,8.28,200.77,blackgram
3,84,5,25.49,83.72,5.52,29.27,blackgram
8,16,90,39.08,16.14,9.62,132.47,blackgram
59,26,52,33.05,64.15,8.6,218.36,blackgram
117,122,62,26.44,99.6,7.13,52.49,blackgram
49,16,186,19.0,55.38,4.52,231.93,blackgram
69,26,108,13.74,15.51,3.67,124.62,blackgram
100,6,133,19.95,79.34,7.86,226.86,blackgram
51,118,58,24.79,48.71,4.21,179.1,blackgram
119,43,170,17.69,67.17,5.93,169.47,blackgram
128,28,118,12.2,88.47,9.08,35.84,blackgram
53,124,56,38.02,82.34,7.6,273.42,blackgram
43,43,95,30.1,33.09,6.28,127.65,blackgram
71,138,136,18.49,65.67,4.08,152.66,blackgram
114,123,44,23.23,53.28,5.09,33.48,blackgram
138,68,171,26.7,64.66,3.54,287.86,blackgram
82,28,82,20.76,69.53,9.85,34.37,blackgram
32,54,190,27.02,29.29,6.56,168.17,blackgram
99,59,137,30.59,99.68,7.26,51.27,blackgram
29,23,203,10.76,57.22,5.39,47.04,blackgram
40,86,184,14.7,86.71,9.17,107.09,blackgram
132,67,192,22.38,68.25,7.95,146.62,blackgram
112,55,85,10.13,23.27,9.36,174.59,blackgram
53,95,118,15.63,60.6,5.64,284.92,blackgram
67,50,143,34.17,91.49,7.71,161.88,blackgram
64,128,20,36.66,44.34,4.14,116.48,blackgram
44,71,192,19.02,96.23,6.89,33.9,blackgram
49,124,31,32.3,89.22,8.32,42.32,blackgram
115,33,108,37.25,56.09,5.69,30.57,blackgram
91,77,126,23.64,16.58,8.11,219.44,blackgram
16,123,33,43.13,43.22,6.12,30.06,blackgram
103,83,62,24.42,20.07,4.47,205.76,blackgram
36,126,201,23.2,43.63,4.51,234.58,blackgram
123,75,183,25.43,80.85,9.23,79.5,lentil
45,45,115,38.45,65.45,5.85,85.68,lentil
94,102,62,13.83,96.78,7.94,251.87,lentil
101,52,158,18.84,57.27,5.73,234.65,lentil
71,131,29,9.94,45.68,3.99,88.64,lentil
78,13,15,27.21,96.14,5.99,112.19,lentil
100,13,114,42.54,26.43,6.42,192.27,lentil
128,105,66,21.09,61.35,7.13,234.44,lentil
27,67,20,27.6,20.12,7.34,164.15,lentil
103,143,118,9.03,57.16,8.34,150.31,lentil
124,39,177,35.38,20.39,5.02,238.3,lentil
111,45,19,10.07,73.61,6.5,227.8,lentil
52,44,64,12.92,73.11,4.08,178.2,lentil
67,22,35,12.65,96.72,4.17,111.75,lentil
134,107,49,20.79,56.84,6.31,239.23,lentil
38,29,165,33.29,32.42,5.37,84.98,lentil
120,141,187,9.21,27.6,8.98,256.36,lentil
140,33,84,30.74,63.38,6.56,266.97,lentil
85,100,6,24.94,50.86,4.3,134.96,lentil
12,93,192,29.15,81.06,4.81,220.89,lentil
125,78,133,15.94,62.42,4.83,172.16,lentil
90,122,134,41.34,34.8,6.82,214.97,lentil
131,62,42,10.41,81.27,9.49,124.63,lentil
35,38,204,34.76,65.54,9.74,62.78,lentil
104,27,44,14.61,25.82,3.69,229.69,lentil
69,38,90,14.65,48.79,9.47,178.54,lentil
103,108,57,9.99,45.49,9.01,244.19,lentil
115,73,43,10.39,23.15,5.44,221.69,lentil
137,61,147,19.94,74.04,3.85,126.26,lentil
73,141,110,32.12,62.14,4.32,223.98,lentil
42,13,174,24.27,19.62,3.67,85.18,lentil
126,53,149,29.67,95.52,6.5,130.0,lentil
125,75,51,42.23,75.59,4.73,172.3,lentil
23,23,136,39.62,38.56,7.7,167.92,lentil
134,6,126,24.24,50.77,6.41,240.07,lentil
63,8,51,25.14,65.76,7.33,103.56,lentil
110,133,163,28.89,29.12,5.86,287.08,lentil
16,30,53,28.89,73.44,9.51,45.9,lentil
109,12,64,8.97,18.84,7.98,133.82,lentil
54,65,152,25.68,26.29,6.37,126.55,lentil
35,46,170,14.64,70.3,9.44,119.15,lentil
44,9,23,21.74,62.69,7.68,101.51,lentil
54,13,155,17.22,66.15,6.61,262.78,lentil
53,134,118,11.87,49.07,5.32,218.42,lentil
25,111,110,40.62,24.02,7.24,33.83,lentil
127,118,104,18.6,92.29,8.23,169.33,lentil
80,113,91,24.73,98.38,8.83,101.2,lentil
51,17,52,14.56,69.49,4.6,139.24,lentil
76,30,24,37.52,35.96,9.25,289.91,lentil
86,64,111,25.9,73.74,4.41,262.78,lentil
94,81,134,16.43,25.37,3.78,130.36,lentil
119,31,86,12.55,24.93,7.13,216.26,lentil
11,68,127,34.01,60.43,4.86,66.62,lentil
21,39,195,20.96,73.5,4.77,270.1,lentil
132,28,164,41.87,53.7,7.74,134.02,lentil
41,70,203,12.76,20.8,4.88,180.7,lentil
5,32,119,12.62,60.64,9.53,175.97,lentil
96,24,79,17.46,72.8,7.0,53.58,lentil
16,131,135,36.39,33.14,8.71,217.32,lentil
60,7,151,19.26,63.63,9.23,31.03,lentil
15,109,85,17.84,20.07,4.4,88.88,lentil
47,85,122,17.65,42.12,4.95,256.48,lentil
1,65,183,21.07,53.42,4.85,37.06,lentil
132,9,26,33.46,74.91,5.06,255.66,lentil
46,116,50,28.78,79.66,5.48,210.11,lentil
15,73,98,27.47,76.58,4.9,157.43,lentil
129,99,150,42.46,54.49,8.09,240.94,lentil
15,20,11,28.62,30.68,7.04,183.64,lentil
44,68,110,21.1,22.55,7.75,159.1,lentil
75,139,16,17.17,78.5,9.09,295.83,lentil
53,105,44,31.14,22.52,5.59,73.95,lentil
112,38,67,37.58,34.34,6.37,45.04,lentil
134,8,147,13.47,85.09,8.19,155.01,lentil
135,31,153,39.56,46.84,8.3,73.54,lentil
23,80,11,24.54,14.92,5.8,200.96,lentil
108,9,108,25.03,55.13,8.68,125.87,lentil
97,64,72,14.79,33.62,4.3,56.5,lentil
11,138,137,14.32,51.15,4.1,133.89,lentil
124,78,8,19.98,53.65,4.38,152.6,lentil
76,112,107,14.33,33.41,8.03,144.91,lentil
51,17,179,32.89,94.3,6.4,288.06,lentil
95,132,103,29.14,57.78,9.04,63.08,lentil
136,136,153,38.0,29.66,7.0,223.64,lentil
64,50,79,18.71,16.38,8.41,210.73,lentil
53,124,192,25.49,14.08,6.97,121.98,lentil
101,18,37,9.08,45.67,4.95,63.18,lentil
72,18,27,37.25,19.19,6.35,218.17,lentil
122,21,134,30.99,70.29,6.23,215.32,lentil
26,30,99,40.26,23.72,3.58,218.27,lentil
77,92,190,26.83,75.41,9.35,47.04,lentil
116,100,140,14.53,46.35,3.69,112.3,lentil
121,77,76,20.85,28.64,6.74,100.59,lentil
126,11,102,34.11,76.09,8.85,84.56,lentil
35,24,116,25.57,55.26,8.77,40.56,lentil
6,53,114,31.7,54.7,6.04,131.72,lentil
75,110,9,32.5,98.03,8.91,66.16,lentil
139,90,84,41.2,17.26,5.99,189.67,lentil
100,63,27,12.69,84.92,6.87,183.98,lentil
0,117,89,24.58,76.98,7.47,247.7,lentil
40,70,141,26.04,70.48,7.41,284.11,lentil
98,40,187,16.96,26.18,6.92,237.17,pomegranate
4,97,177,38.32,20.45,6.69,255.86,pomegranate
52,40,57,33.21,28.72,9.61,284.08,pomegranate
10,61,116,11.74,88.64,8.97,233.45,pomegranate
44,51,30,29.48,60.58,6.67,133.74,pomegranate
14,72,145,38.22,86.17,9.14,54.3,pomegranate
89,42,13,12.65,80.99,5.52,133.25,pomegranate
21,144,9,41.02,56.66,3.99,290.32,pomegranate
92,18,93,25.93,76.04,5.85,45.05,pomegranate
113,102,42,12.69,49.36,4.0,261.34,pomegranate
58,72,38,22.33,20.06,9.16,222.46,pomegranate
31,116,190,26.6,37.47,5.57,297.91,pomegranate
57,101,125,24.52,28.81,9.55,67.31,pomegranate
74,53,183,38.18,94.22,5.51,63.57,pomegranate
59,53,187,36.76,23.77,4.56,266.06,pomegranate
133,15,48,37.14,47.75,9.68,34.79,pomegranate
53,131,11,31.84,42.31,6.54,218.76,pomegranate
31,75,40,40.0,43.95,4.05,121.19,pomegranate
120,106,102,42.87,49.84,4.83,53.0,pomegranate
92,71,116,19.57,45.05,5.96,274.24,pomegranate
88,47,86,21.02,44.14,4.59,248.96,pomegranate
50,33,8,21.2,49.62,7.24,147.84,pomegranate
38,60,182,19.86,82.98,7.8,46.39,pomegranate
79,54,98,38.02,17.32,6.15,206.46,pomegranate
103,33,92,20.72,18.33,3.79,128.38,pomegranate
67,121,27,14.73,55.12,6.73,134.47,pomegranate
19,138,205,26.86,40.07,4.66,243.07,pomegranate
24,76,38,16.88,34.91,9.54,206.68,pomegranate
19,28,136,43.21,70.32,7.63,282.6,pomegranate
123,110,109,17.27,77.28,8.5,194.13,pomegranate
46,80,196,13.99,37.7,5.14,163.43,pomegranate
42,135,171,31.62,14.82,6.61,220.33,pomegranate
102,21,46,16.95,68.43,5.45,28.96,pomegranate
10,92,153,23.91,42.04,6.29,60.32,pomegranate
23,30,96,10.62,63.16,7.53,289.13,pomegranate
140,6,46,35.96,98.97,9.76,98.29,pomegranate
69,101,197,18.75,86.04,6.26,144.97,pomegranate
98,87,168,12.2,45.11,7.93,81.55,pomegranate
129,40,51,26.74,50.19,6.54,194.8,pomegranate
85,134,24,22.87,90.47,9.22,75.95,pomegranate
126,121,192,18.68,50.41,3.75,221.88,pomegranate
27,120,141,14.0,87.44,6.73,216.46,pomegranate
82,66,84,23.54,33.13,4.24,108.41,pomegranate
60,139,194,34.89,66.66,7.91,74.81,pomegranate
21,105,189,26.33,70.99,5.02,104.19,pomegranate
89,50,169,35.01,96.84,7.52,71.37,pomegranate
16,80,75,32.35,56.78,6.61,165.01,pomegranate
43,80,128,31.57,37.59,5.03,154.13,pomegranate
56,48,181,39.54,56.06,5.71,220.49,pomegranate
40,123,94,29.21,89.21,6.73,95.52,pomegranate
90,57,158,27.43,23.91,4.94,234.78,pomegranate
140,24,60,9.71,29.86,4.21,211.49,pomegranate
38,113,196,16.76,45.51,4.18,223.42,pomegranate
34,44,67,25.76,96.54,5.52,266.08,pomegranate
85,12,123,14.18,43.71,6.78,198.8,pomegranate
133,15,6,30.39,77.01,4.44,175.39,pomegranate
33,81,81,18.81,79.31,4.01,266.87,pomegranate
115,79,178,24.13,29.99,7.87,158.77,pomegranate
89,74,199,15.26,15.77,9.46,59.62,pomegranate
111,42,13,23.52,55.04,6.75,204.6,pomegranate
82,12,176,11.32,51.42,8.28,243.25,pomegranate
1,74,73,39.8,28.13,4.77,115.32,pomegranate
7,8,95,15.38,17.55,8.52,190.11,pomegranate
57,109,157,19.49,88.45,8.05,279.55,pomegranate
53,38,14,41.99,35.57,5.63,284.69,pomegranate
96,121,19,16.27,15.9,5.73,54.29,pomegranate
59,17,97,41.11,48.96,4.6,126.91,pomegranate
39,54,43,37.95,89.2,5.06,245.19,pomegranate
108,80,12,11.19,33.02,6.66,221.0,pomegranate
81,26,93,11.44,97.78,6.46,56.86,pomegranate
135,41,121,35.94,91.94,7.96,293.23,pomegranate
90,120,54,27.02,56.32,3.64,67.77,pomegranate
125,116,27,20.76,22.01,8.93,71.12,pomegranate
43,78,161,35.73,30.09,8.92,117.74,pomegranate
115,61,8,33.34,61.67,4.44,140.26,pomegranate
62,69,78,41.69,98.1,8.45,211.0,pomegranate
132,139,101,14.15,34.6,4.41,91.77,pomegranate
25,39,203,18.86,36.3,9.29,290.12,pomegranate
0,64,175,33.69,64.55,5.07,131.62,pomegranate
50,58,35,9.65,80.33,8.36,27.78,pomegranate
115,126,61,19.07,94.35,7.4,205.2,pomegranate
21,133,42,34.82,17.0,7.66,64.76,pomegranate
79,133,45,24.98,15.34,7.08,93.9,pomegranate
103,52,5,42.53,80.23,3.76,289.8,pomegranate
16,44,143,41.77,95.51,7.02,187.34,pomegranate
46,61,180,20.32,78.35,5.93,176.23,pomegranate
90,77,188,37.13,49.1,8.71,268.67,pomegranate
95,32,11,11.64,87.05,5.46,275.74,pomegranate
27,137,13,43.5,20.04,9.15,297.42,pomegranate
17,131,49,29.59,68.38,5.77,188.59,pomegranate
110,69,164,10.17,41.72,8.78,272.85,pomegranate
24,54,70,35.58,56.72,5.66,78.79,pomegranate
95,88,138,40.79,25.24,6.06,247.87,pomegranate
130,127,75,22.76,33.06,8.7,89.55,pomegranate
32,139,101,38.32,88.89,5.23,93.36,pomegranate
99,90,35,22.33,93.49,6.44,214.99,pomegranate
50,62,115,42.32,30.37,5.43,287.84,pomegranate
90,69,121,31.44,26.77,8.89,153.88,pomegranate
138,47,65,36.2,85.24,5.31,165.46,pomegranate
9,50,105,10.02,48.55,7.19,42.2,pomegranate
88,21,46,38.36,32.83,5.14,122.15,banana
98,111,95,21.0,73.7,9.62,225.93,banana
118,90,166,36.12,71.29,9.73,164.81,banana
107,119,155,9.47,75.21,7.24,216.2,banana
102,54,150,38.47,70.88,5.2,248.16,banana
22,29,9,38.72,59.35,5.69,158.66,banana
22,88,92,30.36,48.83,8.99,97.47,banana
135,117,125,40.95,23.4,6.27,77.53,banana
97,61,185,36.85,21.29,7.43,60.13,banana
101,88,189,26.62,32.1,9.62,132.95,banana
132,118,169,29.28,29.3,7.94,212.3,banana
33,72,189,24.68,15.62,4.3,257.78,banana
22,31,183,9.41,83.41,4.81,203.62,banana
99,33,145,20.19,73.48,4.76,33.01,banana
52,11,135,12.78,24.51,3.74,252.19,banana
57,33,148,22.85,96.28,7.71,203.85,banana
74,14,27,34.24,49.28,3.91,138.3,banana
97,133,65,30.81,41.57,9.0,128.51,banana
60,143,192,30.91,96.12,7.76,50.43,banana
86,92,176,18.22,38.39,4.97,258.0,banana
84,35,130,15.68,54.41,8.49,26.61,banana
41,63,46,41.04,76.54,9.36,82.47,banana
10,81,72,26.23,89.45,4.61,296.66,banana
41,125,124,41.83,72.27,6.76,60.7,banana
43,25,157,29.6,42.67,5.44,194.83,banana
25,83,51,19.81,59.61,7.11,154.5,banana
3,36,97,38.52,45.36,9.28,163.68,banana
35,118,95,35.14,95.82,3.63,195.45,banana
126,101,33,27.46,57.34,3.62,264.5,banana
65,120,202,35.14,64.67,8.55,82.88,banana
45,114,104,30.85,51.42,5.57,152.31,banana
12,31,204,25.1,55.29,5.94,53.65,banana
47,41,44,39.45,80.97,6.58,297.88,banana
77,25,153,13.9,67.52,4.98,22.0,banana
1,17,153,12.07,20.46,8.76,109.68,banana
11,130,172,13.81,61.59,4.9,47.91,banana
98,22,189,19.52,77.3,8.86,63.26,banana
7,87,58,34.99,80.85,9.48,59.84,banana
106,71,5,16.87,19.81,5.74,218.18,banana
11,125,150,22.93,78.44,7.22,96.35,banana
109,50,162,42.54,63.52,5.93,21.87,banana
139,77,175,27.84,52.17,8.61,109.55,banana
68,132,26,42.4,95.56,9.64,172.79,banana
106,48,170,22.27,92.2,7.62,57.67,banana
92,27,43,13.3,15.43,4.95,73.23,banana
13,74,29,20.4,51.37,5.59,125.74,banana
34,71,190,21.41,89.48,4.43,271.79,banana
35,56,167,42.18,91.79,8.12,132.21,banana
72,104,158,33.72,64.43,4.27,250.83,banana
90,81,171,9.91,26.46,5.6,229.97,banana
105,48,158,14.87,49.84,9.68,138.13,banana
94,111,44,40.37,87.27,4.72,233.81,banana
129,114,132,43.54,49.72,7.15,296.27,banana
91,66,42,34.08,28.48,7.37,254.98,banana
74,64,85,11.46,40.86,8.53,266.37,banana
86,133,50,25.24,25.84,5.34,86.3,banana
60,16,80,15.81,23.37,5.25,263.93,banana
36,32,157,32.84,94.54,9.1,285.16,banana
79,127,84,10.19,98.99,6.48,70.33,banana
131,114,193,35.43,64.74,9.43,100.66,banana
5,98,129,28.91,49.91,5.24,265.77,banana
103,120,175,20.71,21.33,5.43,206.72,banana
99,63,152,9.29,95.61,4.48,290.87,banana
17,96,108,28.83,97.3,3.89,135.69,banana
44,82,190,32.12,47.18,5.19,71.68,banana
125,133,30,24.49,90.38,4.25,136.25,banana
122,72,18,38.68,93.13,3.75,172.41,banana
70,95,151,30.17,37.11,6.64,49.21,banana
15,74,20,30.86,84.74,3.97,122.3,banana
51,112,6,33.33,63.4,4.48,246.32,banana
49,31,48,10.3,59.46,6.52,178.62,banana
116,102,138,32.3,34.32,8.51,227.8,banana
80,55,121,14.96,59.13,6.27,27.02,banana
114,124,163,22.61,62.19,4.7,186.6,banana
96,75,118,12.49,45.54,7.52,285.09,banana
129,145,174,9.69,43.13,9.66,69.66,banana
115,36,81,27.09,93.12,7.79,123.34,banana
44,144,26,25.4,91.29,8.6,278.51,banana
72,25,19,33.36,73.2,3.89,100.44,banana
123,43,9,23.2,54.33,7.99,209.1,banana
46,7,195,30.88,73.93,9.39,122.42,banana
111,12,178,33.63,87.57,9.13,28.84,banana
89,94,130,19.58,24.52,9.22,125.13,banana
9,39,64,23.82,65.85,5.8,227.76,banana
133,128,64,9.86,45.12,6.57,236.93,banana
105,42,92,19.64,30.76,7.66,139.13,banana
113,142,16,38.84,23.38,8.2,72.44,banana
93,38,53,42.15,66.38,9.33,63.38,banana
96,76,174,27.23,73.43,8.85,139.65,banana
131,57,27,38.08,62.28,8.44,187.09,banana
70,140,107,10.93,37.78,4.09,141.11,banana
91,86,37,22.45,79.34,4.44,187.84,banana
79,132,77,37.88,31.76,5.37,246.77,banana
140,34,180,11.93,53.46,6.29,44.39,banana
10,136,9,38.95,67.15,8.54,164.45,banana
79,110,179,24.84,80.85,4.78,296.15,banana
125,54,144,35.17,76.18,5.18,50.38,banana
94,76,78,20.97,98.27,3.77,104.22,banana
65,25,141,12.45,71.47,7.81,160.19,banana
5,137,140,14.62,31.61,4.92,62.08,banana
32,103,86,23.48,39.87,9.46,84.97,mango
48,62,154,10.65,95.7,4.67,77.03,mango
130,5,163,19.65,48.34,3.69,28.02,mango
36,71,132,17.93,64.59,5.99,260.38,mango
71,115,176,29.35,94.94,5.14,226.98,mango
89,132,119,18.35,64.56,3.71,294.42,mango
44,19,11,18.42,18.26,9.06,140.8,mango
25,76,56,12.32,81.97,8.32,234.01,mango
15,132,140,38.61,15.07,6.6,222.53,mango
121,56,112,43.0,77.61,7.42,239.61,mango
93,84,124,35.64,34.94,8.19,230.8,mango
129,7,199,40.26,71.41,9.4,68.26,mango
57,28,153,12.42,31.81,6.57,79.96,mango
41,41,20,18.19,70.39,6.91,52.19,mango
82,82,142,35.84,94.19,6.93,20.57,mango
117,142,144,19.68,83.87,6.01,22.09,mango
80,137,104,41.18,60.39,7.92,76.16,mango
115,68,159,38.93,78.37,3.72,177.08,mango
106,118,160,23.57,77.75,6.15,292.86,mango
39,52,102,14.31,32.04,8.23,142.01,mango
68,60,155,28.89,86.03,4.71,55.81,mango
116,66,191,19.76,68.26,8.42,34.22,mango
7,59,132,43.08,47.62,8.39,157.72,mango
40,70,80,19.1,56.95,4.96,257.46,mango
4,100,193,39.19,28.33,7.93,147.88,mango
101,58,185,35.52,40.35,3.79,63.79,mango
47,97,19,12.08,21.97,6.93,156.22,mango
40,139,27,18.6,25.93,8.45,54.3,mango
31,32,198,38.44,48.92,4.0,234.94,mango
79,63,119,29.93,70.44,8.39,266.89,mango
31,83,125,29.73,55.65,8.39,182.86,mango
115,132,100,20.67,62.75,6.9,235.71,mango
98,23,129,39.83,34.65,4.08,141.66,mango
10,36,92,13.73,84.16,5.16,257.89,mango
10,40,44,41.58,16.06,9.47,92.39,mango
133,143,63,29.86,18.86,5.48,30.99,mango
94,8,79,12.22,57.55,5.01,144.16,mango
77,91,37,19.7,23.69,5.22,196.72,mango
136,16,37,23.65,98.53,4.79,120.21,mango
24,29,166,13.91,82.99,8.95,139.46,mango
43,45,192,12.68,92.67,6.37,148.89,mango
13,61,190,33.62,91.96,8.95,233.07,mango
36,27,67,20.67,19.02,5.81,138.04,mango
123,18,15,14.91,62.88,5.53,268.84,mango
75,51,34,35.98,67.18,5.12,125.69,mango
14,19,38,26.03,79.59,7.07,81.39,mango
69,50,150,36.35,49.34,6.61,294.8,mango
45,109,99,34.89,27.03,4.69,273.58,mango
62,98,171,9.89,39.23,5.27,189.8,mango
9,16,113,10.35,65.88,8.16,173.08,mango
67,100,106,39.57,92.36,5.15,39.17,mango
126,30,171,17.67,90.29,8.71,84.37,mango
75,34,103,16.74,26.59,5.86,211.67,mango
23,127,195,20.99,36.38,6.24,115.71,mango
75,120,25,18.42,37.53,3.73,149.91,mango
11,15,48,11.11,73.15,6.92,216.93,mango
140,115,199,13.39,62.53,5.02,80.93,mango
114,8,88,13.32,74.0,4.2,172.51,mango
26,123,90,26.14,44.95,5.01,260.64,mango
21,121,79,9.4,27.14,8.89,41.26,mango
94,68,120,13.18,70.05,9.8,216.3,mango
81,62,45,35.67,93.61,7.31,286.92,mango
44,113,146,20.05,14.54,5.65,61.22,mango
113,58,46,15.39,58.38,8.88,158.42,mango
122,78,196,40.6,68.49,7.35,62.26,mango
117,117,152,34.14,60.27,9.83,239.9,mango
81,66,28,10.39,74.8,8.07,210.11,mango
137,85,160,38.58,90.72,3.55,96.27,mango
71,9,87,41.86,72.29,6.21,42.52,mango
46,20,173,10.78,91.67,6.23,242.79,mango
94,39,9,20.08,63.92,4.79,254.21,mango
136,64,134,19.77,48.45,8.67,281.18,mango
18,112,14,19.0,82.7,9.18,89.07,mango
47,133,57,21.4,97.5,6.59,216.84,mango
91,42,87,42.18,31.08,3.75,34.55,mango
34,142,128,16.31,46.57,6.08,113.29,mango
99,113,170,17.27,19.58,3.86,139.03,mango
89,32,189,24.47,58.19,3.6,292.83,mango
0,25,165,27.01,42.31,5.9,245.99,mango
17,35,88,43.2,19.3,9.16,184.15,mango
28,15,49,14.62,80.33,5.87,228.48,mango
56,69,98,32.92,81.49,5.65,123.99,mango
130,80,16,12.98,69.35,5.27,89.38,mango
104,53,123,9.35,61.69,9.55,64.22,mango
114,54,155,41.39,78.59,4.6,68.0,mango
51,131,169,31.6,25.35,5.8,259.39,mango
0,95,189,22.96,36.11,8.28,144.33,mango
24,98,68,36.53,92.18,4.26,50.44,mango
126,140,152,14.38,75.38,8.7,113.05,mango
90,17,91,37.55,51.74,5.84,172.37,mango
119,118,24,25.73,73.4,6.35,52.45,mango
18,50,9,12.95,59.58,9.1,193.9,mango
99,61,183,32.54,49.56,6.85,224.98,mango
91,34,110,20.27,34.79,6.3,212.82,mango
2,89,32,37.62,37.26,6.52,191.61,mango
76,47,60,20.25,91.59,9.62,220.25,mango
94,8,175,39.91,38.9,6.68,200.18,mango
1,44,94,23.22,88.45,4.25,162.21,mango
99,71,182,12.08,84.84,5.14,291.99,mango
122,91,184,27.76,25.87,5.74,72.85,mango
109,105,191,25.6,71.88,6.14,235.32,grapes
9,91,169,25.27,78.54,9.59,204.4,grapes
138,73,68,32.7,75.38,5.47,96.49,grapes
65,113,81,29.92,14.8,9.18,291.06,grapes
0,116,137,15.13,41.79,5.62,113.36,grapes
97,38,176,18.85,46.2,7.6,227.61,grapes
63,88,124,12.26,74.8,4.55,207.11,grapes
20,65,87,39.21,98.18,8.77,93.28,grapes
40,8,37,22.43,76.62,5.57,69.8,grapes
41,115,189,35.65,87.59,9.09,97.3,grapes
7,5,49,39.13,27.6,5.76,179.28,grapes
75,37,154,33.28,41.58,4.1,182.03,grapes
134,47,102,36.32,33.74,5.85,178.23,grapes
6,76,143,29.42,26.58,7.94,246.03,grapes
133,127,170,29.67,66.54,5.16,130.82,grapes
37,98,198,32.5,36.04,7.7,60.43,grapes
89,93,15,10.06,75.68,4.18,289.01,grapes
64,117,91,14.61,59.86,4.96,264.81,grapes
101,130,179,39.44,36.35,8.84,157.23,grapes
14,136,35,20.01,54.02,3.7,56.77,grapes
109,114,150,28.66,27.87,8.76,230.35,grapes
134,114,90,9.94,64.14,9.18,57.37,grapes
10,40,93,22.82,23.33,4.51,167.5,grapes
139,89,57,14.29,18.28,8.17,271.61,grapes
52,57,165,20.29,40.31,7.34,274.28,grapes
77,37,11,26.38,30.11,3.75,168.43,grapes
22,81,146,32.13,63.54,9.74,43.67,grapes
70,27,199,17.86,75.52,6.19,291.41,grapes
6,80,176,13.32,88.87,6.84,145.66,grapes
58,129,200,25.84,95.39,8.7,288.64,grapes
104,143,114,14.12,47.94,3.68,294.79,grapes
38,89,88,16.23,99.16,6.64,100.74,grapes
52,115,104,27.05,17.85,6.28,243.45,grapes
64,103,121,34.84,28.9,9.55,243.23,grapes
104,57,131,27.36,44.81,7.09,67.54,grapes
63,83,124,18.97,42.07,8.19,259.71,grapes
127,66,102,31.78,69.28,6.88,250.88,grapes
112,74,149,19.28,22.35,7.95,67.39,grapes
16,108,159,11.5,66.51,6.95,203.19,grapes
131,111,115,35.13,38.42,7.64,279.72,grapes
56,104,36,31.55,32.17,4.41,51.11,grapes
110,19,72,29.36,39.23,6.6,229.66,grapes
100,98,116,19.74,26.98,8.79,277.3,grapes
5,71,116,20.37,15.69,8.81,33.58,grapes
13,86,127,39.18,54.85,8.88,289.61,grapes
130,93,160,33.07,51.57,4.68,87.82,grapes
19,39,183,12.87,20.8,8.19,94.07,grapes
25,136,50,30.94,34.46,6.63,184.51,grapes
64,132,109,35.72,34.67,5.39,90.56,grapes
45,52,199,29.6,22.84,8.87,159.56,grapes
82,38,196,19.43,75.73,7.22,178.55,grapes
127,128,71,40.8,42.29,4.79,91.01,grapes
57,143,167,34.38,86.92,3.89,39.85,grapes
4,8,189,18.99,85.13,8.38,229.64,grapes
50,109,103,22.65,69.24,7.64,133.19,grapes
79,76,22,40.88,38.86,5.09,130.87,grapes
53,48,162,29.67,71.67,8.47,160.56,grapes
30,69,59,13.71,57.4,5.19,283.72,grapes
120,118,106,19.4,73.87,5.68,269.06,grapes
80,110,37,30.25,20.07,7.76,72.39,grapes
28,82,201,32.92,28.5,7.29,191.99,grapes
103,78,131,16.67,51.23,7.58,136.56,grapes
18,68,174,43.38,73.68,4.79,157.94,grapes
2,62,205,23.56,23.78,5.06,296.27,grapes
135,140,61,13.18,28.09,4.24,270.7,grapes
127,143,44,38.6,32.57,5.96,186.3,grapes
131,119,101,27.13,77.89,4.29,233.14,grapes
137,51,160,24.82,91.96,7.1,274.66,grapes
100,81,96,15.33,84.8,4.74,269.79,grapes
44,99,136,13.72,44.65,6.39,29.45,grapes
11,126,205,31.47,48.09,3.59,23.74,grapes
69,16,125,30.75,24.62,6.92,173.24,grapes
97,53,115,25.18,40.65,6.75,144.88,grapes
29,101,141,32.52,81.33,4.4,31.45,grapes
25,34,14,10.64,31.8,7.04,190.48,grapes
97,48,99,43.13,85.99,7.77,69.71,grapes
76,52,55,22.29,83.0,7.03,142.17,grapes
109,100,5,41.28,41.11,5.87,83.17,grapes
56,137,44,24.47,86.06,7.14,67.93,grapes
57,9,27,9.49,71.5,6.77,281.43,grapes
46,111,170,38.15,26.46,9.87,104.6,grapes
56,40,146,31.11,57.69,4.04,200.78,grapes
11,103,42,17.88,87.61,9.83,206.7,grapes
16,106,146,39.44,58.71,9.25,166.4,grapes
121,55,83,36.53,49.97,9.56,248.5,grapes
105,65,100,31.07,17.24,3.71,62.68,grapes
47,79,168,11.92,58.76,6.85,108.91,grapes
98,80,24,14.09,48.33,4.27,274.72,grapes
82,36,183,33.8,99.23,7.14,285.84,grapes
51,123,46,9.25,18.86,5.61,52.61,grapes
72,128,63,24.6,77.08,4.45,130.08,grapes
29,18,166,25.76,79.07,7.97,270.73,grapes
20,120,191,41.98,63.84,3.84,192.27,grapes
46,99,121,15.4,22.5,6.34,46.93,grapes
41,88,175,37.24,22.44,5.57,274.06,grapes
28,75,36,25.3,92.38,3.6,148.27,grapes
31,98,60,16.8,78.91,9.86,260.41,grapes
13,106,179,34.04,68.64,7.71,234.17,grapes
127,82,115,27.89,30.65,9.05,26.81,grapes
73,122,44,11.99,62.66,5.19,95.79,grapes
43,92,164,19.44,52.1,4.49,25.26,watermelon
98,6,125,14.4,41.96,6.28,73.75,watermelon
31,30,37,34.33,68.96,9.45,285.9,watermelon
93,11,26,17.04,59.8,7.54,62.91,watermelon
102,144,33,15.23,45.98,3.58,49.57,watermelon
81,78,167,41.16,25.04,7.79,137.22,watermelon
27,107,158,34.59,82.01,7.8,65.48,watermelon
123,73,96,28.47,88.87,8.84,96.99,watermelon
19,94,80,38.4,84.74,8.91,258.83,watermelon
34,131,158,25.22,86.0,5.23,288.04,watermelon
118,141,146,22.22,66.39,4.85,219.67,watermelon
28,121,119,8.99,66.59,6.61,203.1,watermelon
94,124,33,13.4,38.79,3.93,253.66,watermelon
85,18,98,41.99,83.73,8.63,27.26,watermelon
105,128,98,37.86,84.61,3.86,183.07,watermelon
58,50,22,37.37,73.39,6.53,176.29,watermelon
7,12,102,41.12,30.65,9.64,155.41,watermelon
12,46,157,29.01,82.25,6.66,206.14,watermelon
82,55,173,18.25,73.34,7.0,139.93,watermelon
6,38,24,27.43,69.88,8.89,297.47,watermelon
53,66,64,9.66,35.17,7.65,106.96,watermelon
113,113,59,42.19,17.22,9.04,55.12,watermelon
133,115,73,28.74,98.93,7.93,120.87,watermelon
139,118,185,22.94,42.31,4.47,143.47,watermelon
17,86,129,42.82,76.36,3.69,211.55,watermelon
84,46,190,23.87,18.19,5.7,41.23,watermelon
122,12,181,31.92,97.91,7.3,117.29,watermelon
120,54,23,32.77,48.0,5.31,75.74,watermelon
71,47,97,22.37,98.82,8.91,57.55,watermelon
25,7,143,41.04,84.52,7.61,212.0,watermelon
117,134,134,23.67,25.3,5.33,237.14,watermelon
103,103,6,30.26,22.57,9.62,119.52,watermelon
115,116,30,9.21,94.67,6.2,127.8,watermelon
84,74,132,34.66,62.04,4.76,132.18,watermelon
23,101,59,38.89,64.31,3.7,212.7,watermelon
49,7,8,31.45,75.16,8.78,204.98,watermelon
9,34,191,27.96,34.3,8.74,219.25,watermelon
63,23,100,13.68,55.86,6.85,115.85,watermelon
106,20,173,19.0,35.17,7.97,55.19,watermelon
108,124,110,41.06,62.42,6.05,29.84,watermelon
27,96,45,31.7,17.92,4.8,220.22,watermelon
31,103,107,38.26,69.23,6.85,256.63,watermelon
81,65,80,38.35,39.78,5.6,244.57,watermelon
81,51,23,28.14,91.43,6.94,80.31,watermelon
133,125,34,13.8,30.99,8.23,115.49,watermelon
78,76,96,27.17,56.65,7.66,129.24,watermelon
5,31,58,34.72,45.07,9.53,212.17,watermelon
51,123,129,38.83,56.47,6.87,208.94,watermelon
128,88,180,27.07,28.3,5.28,236.54,watermelon
26,16,55,16.48,74.46,5.99,275.49,watermelon
93,133,126,43.32,22.16,5.83,65.87,watermelon
21,110,155,41.4,61.67,6.39,57.35,watermelon
116,98,168,43.56,53.09,3.82,144.46,watermelon
108,80,135,33.05,18.25,7.31,76.06,watermelon
26,108,29,31.01,25.62,5.31,74.63,watermelon
89,61,84,13.03,53.52,5.17,174.18,watermelon
2,45,184,34.57,23.89,4.8,33.61,watermelon
4,113,198,39.97,92.17,6.02,26.21,watermelon
36,112,192,38.02,58.35,9.56,72.89,watermelon
112,85,12,42.12,86.13,9.48,123.53,watermelon
89,84,37,13.84,38.91,6.83,209.79,watermelon
120,93,111,9.2,28.83,8.79,47.74,watermelon
4,23,162,15.27,14.33,7.52,32.66,watermelon
24,85,71,32.03,79.54,8.4,221.98,watermelon
12,83,110,19.79,37.16,3.64,70.72,watermelon
112,122,172,12.07,85.22,4.34,157.6,watermelon
69,103,176,23.56,59.82,8.99,170.58,watermelon
99,98,108,18.29,15.69,7.92,176.38,watermelon
112,41,144,38.02,46.15,6.68,101.77,watermelon
50,13,195,10.0,32.08,3.53,182.58,watermelon
67,144,12,9.51,65.96,7.05,250.85,watermelon
65,118,54,37.27,22.41,4.61,78.17,watermelon
44,45,102,13.13,17.74,5.11,275.99,watermelon
38,70,111,22.59,49.77,5.38,153.39,watermelon
99,122,157,29.98,52.68,6.02,31.25,watermelon
103,79,116,41.52,75.59,7.41,115.95,watermelon
137,42,74,43.4,93.9,5.13,239.07,watermelon
32,84,183,28.93,15.28,8.22,200.13,watermelon
10,69,78,21.74,35.77,7.21,63.98,watermelon
68,87,116,17.07,31.8,6.87,227.03,watermelon
46,43,86,12.0,57.85,9.89,233.48,watermelon
55,73,54,24.16,30.29,5.6,256.84,watermelon
35,125,89,10.22,33.23,9.03,79.79,watermelon
26,39,106,9.25,31.2,5.4,88.63,watermelon
69,113,70,42.0,15.97,8.25,167.19,watermelon
105,19,89,19.07,64.72,4.93,35.6,watermelon
15,44,180,23.33,31.88,7.92,223.16,watermelon
19,125,92,29.33,96.37,9.13,44.8,watermelon
64,61,188,37.4,26.77,4.89,206.28,watermelon
136,138,90,42.42,44.17,7.63,227.69,watermelon
0,100,42,15.81,73.71,7.19,81.58,watermelon
73,130,186,12.27,22.49,9.11,197.3,watermelon
6,95,169,30.43,61.82,8.5,184.46,watermelon
38,65,54,28.87,33.64,4.5,255.45,watermelon
123,129,149,30.55,62.54,8.78,203.8,watermelon
48,81,17,20.39,67.89,8.02,259.69,watermelon
131,107,9,10.54,25.22,9.19,197.07,watermelon
106,110,116,22.2,82.46,9.47,178.66,watermelon
80,39,121,20.66,54.4,4.67,25.25,watermelon
76,101,194,30.98,30.66,8.61,33.23,watermelon
64,64,164,24.03,52.47,5.75,239.91,muskmelon
81,25,5,9.78,30.86,9.26,100.26,muskmelon
106,63,188,17.48,71.9,8.65,65.53,muskmelon
121,119,54,21.98,72.5,5.72,184.83,muskmelon
30,117,22,10.6,14.69,5.39,105.3,muskmelon
54,94,114,40.89,48.39,5.67,85.43,muskmelon
139,55,110,23.0,66.43,5.91,237.02,muskmelon
7,107,28,13.99,64.2,4.31,53.24,muskmelon
21,31,169,32.36,85.36,4.51,248.3,muskmelon
104,70,155,37.63,66.07,9.71,236.51,muskmelon
69,128,184,35.2,76.07,8.2,171.4,muskmelon
123,54,129,28.82,97.89,8.6,279.74,muskmelon
63,83,81,29.19,55.25,9.87,136.7,muskmelon
78,47,20,13.02,30.4,9.01,159.12,muskmelon
38,73,157,26.69,86.11,4.71,274.15,muskmelon
10,112,126,24.35,85.46,7.51,284.4,muskmelon
30,129,155,39.83,90.51,8.47,57.55,muskmelon
117,34,82,12.5,61.48,5.31,108.6,muskmelon
136,68,41,26.3,80.28,8.06,166.16,muskmelon
93,38,201,25.65,98.71,5.94,170.71,muskmelon
36,9,145,26.45,36.83,4.22,290.44,muskmelon
112,44,97,19.68,51.13,9.06,165.46,muskmelon
45,142,143,26.2,25.11,8.0,62.73,muskmelon
12,13,127,31.26,69.3,5.17,41.92,muskmelon
137,20,125,24.87,37.63,5.49,252.92,muskmelon
44,12,98,17.11,67.53,9.14,227.14,muskmelon
125,47,65,24.46,45.14,6.24,204.13,muskmelon
130,83,109,31.14,30.32,5.79,75.23,muskmelon
37,81,184,28.51,98.2,9.55,241.26,muskmelon
67,87,108,36.15,91.14,6.5,101.27,muskmelon
90,72,30,13.51,67.33,5.19,231.67,muskmelon
3,17,186,10.36,65.18,5.58,143.7,muskmelon
76,102,19,24.49,53.58,6.07,286.41,muskmelon
104,73,163,42.86,65.34,5.03,294.93,muskmelon
0,6,78,10.34,45.25,6.15,91.27,muskmelon
67,30,75,14.2,27.35,4.76,278.99,muskmelon
13,63,140,22.61,76.12,4.32,212.41,muskmelon
98,100,21,24.16,42.11,5.7,232.1,muskmelon
96,11,174,41.45,46.23,7.69,256.76,muskmelon
79,117,62,13.5,46.56,7.8,130.45,muskmelon
95,110,69,27.72,38.02,6.4,50.1,muskmelon
69,15,110,41.85,61.41,6.36,214.85,muskmelon
52,43,198,21.88,33.43,8.54,92.78,muskmelon
106,130,171,24.29,94.98,4.22,127.94,muskmelon
5,91,104,19.78,61.39,5.39,284.44,muskmelon
137,122,30,31.4,71.41,3.73,225.42,muskmelon
31,25,147,40.49,61.01,9.44,138.96,muskmelon
78,104,50,29.48,68.37,4.56,179.09,muskmelon
98,38,19,39.45,48.48,4.75,98.38,muskmelon
14,10,145,40.41,87.84,4.44,258.18,muskmelon
112,144,50,42.84,49.56,7.06,196.12,muskmelon
85,115,122,27.14,50.36,9.18,182.87,muskmelon
116,19,94,13.74,69.26,6.36,92.29,muskmelon
20,119,117,42.2,46.27,6.88,262.84,muskmelon
73,138,81,43.32,89.39,7.16,285.37,muskmelon
21,61,117,18.28,17.83,6.32,60.25,muskmelon
88,17,183,19.51,55.74,6.88,234.86,muskmelon
67,76,163,16.19,45.67,4.99,182.43,muskmelon
21,52,54,40.2,40.9,5.29,155.56,muskmelon
32,58,51,24.5,82.58,6.16,60.96,muskmelon
24,43,197,36.12,37.46,8.86,22.41,muskmelon
8,107,23,29.07,59.67,9.62,81.52,muskmelon
3,125,158,13.37,15.96,5.73,59.1,muskmelon
30,83,53,33.86,72.08,5.76,50.08,muskmelon
23,84,7,37.39,83.61,9.49,24.52,muskmelon
99,85,19,10.3,96.38,9.0,253.74,muskmelon
80,80,146,39.68,16.14,6.29,254.68,muskmelon
139,134,140,28.6,82.61,9.9,107.51,muskmelon
114,29,101,40.97,72.95,5.13,170.47,muskmelon
81,129,80,39.32,72.23,5.34,171.65,muskmelon
96,29,194,28.88,91.29,7.88,105.53,muskmelon
73,48,37,29.24,34.85,7.67,274.99,muskmelon
107,112,20,26.34,72.13,7.61,46.45,muskmelon
138,120,24,15.14,82.86,4.99,109.56,muskmelon
19,142,190,9.24,94.84,5.07,201.68,muskmelon
127,102,52,29.79,60.67,5.59,138.83,muskmelon
8,16,45,43.35,43.35,5.44,167.47,muskmelon
50,72,73,42.45,16.13,8.09,110.76,muskmelon
17,27,43,30.08,38.5,6.03,184.41,muskmelon
66,115,55,40.89,47.35,9.53,145.61,muskmelon
137,54,149,40.42,70.57,5.55,80.86,muskmelon
47,63,119,17.5,94.22,5.86,105.38,muskmelon
16,18,29,10.38,39.67,8.79,128.21,muskmelon
128,60,103,19.28,32.24,8.49,162.02,muskmelon
5,21,41,43.21,70.64,4.79,134.68,muskmelon
57,24,79,20.61,49.76,9.26,242.07,muskmelon
99,92,79,15.85,81.89,8.13,235.09,muskmelon
25,131,145,18.43,30.24,4.83,165.06,muskmelon
24,12,36,36.96,76.77,7.01,234.56,muskmelon
68,85,159,22.26,50.87,8.76,46.27,muskmelon
59,51,29,11.85,86.76,7.94,242.99,muskmelon
25,91,167,40.73,84.0,8.23,169.69,muskmelon
45,107,10,12.64,32.53,3.56,280.6,muskmelon
66,79,45,41.73,98.66,5.1,230.73,muskmelon
82,102,187,39.85,51.03,4.44,160.83,muskmelon
3,91,189,9.42,22.62,7.83,211.41,muskmelon
88,66,171,26.01,33.94,9.05,185.11,muskmelon
62,145,189,20.38,47.64,9.11,184.71,muskmelon
9,44,11,13.89,27.61,7.27,93.51,muskmelon
137,19,30,32.52,79.19,8.29,197.51,muskmelon
102,74,40,37.09,71.03,4.49,84.69,apple
81,23,59,26.42,96.29,8.0,39.84,apple
105,48,188,29.74,93.71,7.31,273.58,apple
140,58,158,10.82,82.26,5.39,35.23,apple
76,44,7,34.79,52.94,8.94,23.58,apple
118,28,132,18.28,87.5,7.34,90.8,apple
123,123,118,17.1,64.01,6.3,41.58,apple
132,23,58,29.01,14.7,4.01,49.58,apple
0,22,140,33.86,28.02,5.43,52.18,apple
49,34,36,10.63,41.34,5.42,66.7,apple
120,106,33,11.23,96.81,3.98,229.77,apple
34,114,94,18.77,35.12,5.62,242.83,apple
36,101,110,11.0,61.26,8.83,82.57,apple
60,93,185,10.98,44.62,3.78,110.86,apple
68,48,152,29.34,91.4,4.46,50.01,apple
21,130,114,26.81,76.33,4.96,216.5,apple
123,84,34,33.58,46.97,3.59,149.23,apple
4,25,31,25.56,71.16,7.07,88.61,apple
5,62,81,38.15,77.56,3.71,254.51,apple
49,114,188,14.52,14.04,5.69,234.58,apple
23,110,37,28.91,19.48,6.11,20.5,apple
7,33,121,18.03,87.76,3.53,58.71,apple
33,132,145,14.5,56.83,4.64,71.08,apple
95,61,65,43.57,94.95,9.34,81.85,apple
85,12,12,13.56,40.49,5.04,124.63,apple
132,120,59,30.99,47.08,8.19,177.05,apple
111,44,199,26.8,47.42,9.07,175.55,apple
116,79,59,36.54,20.29,5.96,125.86,apple
51,37,23,15.46,75.78,3.72,273.74,apple
41,17,129,39.57,74.6,4.16,290.88,apple
45,37,163,17.71,26.6,3.55,54.23,apple
100,90,36,9.96,38.42,7.39,136.02,apple
23,5,151,13.63,31.37,7.08,82.48,apple
46,118,36,34.15,60.31,4.61,95.77,apple
33,65,54,25.59,88.09,6.09,226.76,apple
104,69,32,26.92,34.55,9.12,260.59,apple
134,60,112,26.43,64.66,3.68,60.45,apple
1,97,196,9.39,14.48,9.2,203.76,apple
61,78,144,37.53,14.17,6.88,44.22,apple
28,75,86,43.06,95.68,9.84,71.78,apple
123,97,44,21.06,37.23,7.52,67.65,apple
22,39,190,38.82,67.73,5.24,69.4,apple
48,75,160,10.31,31.04,6.08,22.32,apple
76,46,36,19.66,39.91,5.56,45.15,apple
103,73,111,38.48,89.81,6.16,289.35,apple
34,138,160,23.13,76.62,5.1,186.48,apple
46,12,118,36.49,96.0,8.51,294.32,apple
62,111,177,40.92,88.37,4.16,56.53,apple
64,7,29,31.66,14.81,8.76,268.93,apple
15,37,188,17.55,16.79,5.64,274.2,apple
41,31,11,30.55,27.95,4.14,72.04,apple
25,30,38,16.3,70.11,4.68,236.03,apple
91,14,127,23.26,97.15,4.57,104.73,apple
99,37,132,36.57,62.07,8.02,250.98,apple
118,82,200,12.51,41.0,4.29,148.29,apple
73,118,58,39.9,32.21,9.25,86.47,apple
2,128,107,26.5,29.77,7.98,118.46,apple
48,65,152,11.51,66.6,9.85,56.19,apple
11,16,67,26.84,26.21,4.55,105.84,apple
55,26,120,15.93,64.83,9.6,261.63,apple
57,58,6,21.48,32.17,6.78,60.03,apple
55,73,200,23.99,29.35,3.8,249.49,apple
41,57,74,12.04,71.7,5.03,60.89,apple
91,105,7,33.55,18.76,5.44,67.07,apple
94,75,117,21.38,19.12,6.87,279.48,apple
54,26,198,26.39,45.72,7.66,137.06,apple
13,124,111,12.77,87.54,6.29,296.72,apple
119,128,198,15.88,79.9,7.78,277.98,apple
33,23,178,28.06,31.87,6.51,120.16,apple
100,129,158,10.62,16.29,5.27,226.76,apple
27,125,31,30.06,44.32,9.26,30.09,apple
31,23,152,17.84,54.99,4.47,206.62,apple
53,84,31,23.99,49.44,9.07,121.12,apple
105,47,36,9.52,58.73,6.92,243.51,apple
41,142,12,32.71,51.6,5.29,122.68,apple
0,130,134,21.17,57.78,7.77,68.8,apple
103,72,152,38.38,72.5,9.13,128.89,apple
100,126,61,9.52,71.23,6.3,68.67,apple
12,43,162,29.18,48.43,7.66,32.05,apple
133,118,72,34.86,30.14,5.49,114.28,apple
109,74,53,9.04,51.22,9.33,226.4,apple
93,102,27,9.07,34.33,4.15,240.24,apple
125,88,69,12.8,65.33,8.23,68.09,apple
44,52,129,12.83,76.51,5.81,67.58,apple
91,76,98,23.08,17.6,9.87,190.71,apple
23,61,77,22.34,28.11,9.3,177.87,apple
77,125,81,11.81,31.05,4.35,158.59,apple
124,18,129,9.39,33.1,8.33,20.59,apple
28,135,16,36.75,25.74,7.23,177.51,apple
40,51,179,39.83,67.54,5.08,66.77,apple
52,122,109,18.85,36.88,5.14,59.03,apple
6,139,191,10.81,92.04,5.94,271.05,apple
44,89,152,39.26,38.05,6.67,126.46,apple
66,65,49,8.96,21.96,4.7,226.17,apple
35,51,105,14.94,54.63,5.02,45.48,apple
93,42,29,30.99,21.68,5.02,54.74,apple
83,119,148,36.35,67.14,8.1,34.52,apple
106,54,174,13.63,14.12,8.13,35.95,apple
105,92,60,9.61,62.37,3.81,153.02,apple
54,41,10,26.24,56.41,9.89,288.29,apple
60,108,56,28.15,33.86,3.86,124.51,orange
138,39,89,40.9,28.68,8.08,78.53,orange
131,99,57,27.09,93.37,4.87,178.99,orange
19,14,159,22.75,28.77,9.75,189.55,orange
20,22,42,30.9,76.3,4.64,123.26,orange
90,99,35,35.86,24.24,4.8,109.09,orange
59,32,193,40.71,90.32,4.78,289.56,orange
35,91,120,24.61,57.71,4.53,244.23,orange
13,73,141,9.61,61.98,3.65,83.75,orange
51,132,153,40.73,46.39,5.75,243.8,orange
19,123,107,31.81,29.57,8.03,254.05,orange
112,61,48,27.33,97.49,5.42,68.92,orange
68,49,80,13.04,32.32,4.35,52.84,orange
116,115,7,15.28,99.68,5.45,228.92,orange
116,69,196,29.45,43.0,6.84,52.49,orange
92,127,56,16.16,58.87,3.82,38.0,orange
66,100,157,24.23,84.97,8.2,191.63,orange
91,111,40,12.17,46.13,4.58,32.93,orange
118,123,139,25.12,88.84,9.13,144.37,orange
31,112,75,31.82,69.63,9.64,87.34,orange
115,115,134,38.06,34.47,4.03,271.22,orange
6,48,148,19.43,77.59,5.13,112.86,orange
112,83,71,39.54,50.34,5.87,280.65,orange
94,133,31,35.03,15.36,4.83,35.52,orange
15,34,114,32.39,59.24,9.73,133.09,orange
127,68,105,15.17,39.83,7.13,296.6,orange
124,56,41,33.79,42.7,5.47,70.76,orange
126,9,85,24.34,44.92,4.21,42.2,orange
27,98,5,43.23,89.27,8.48,207.49,orange
71,73,141,17.19,77.13,6.68,199.68,orange
6,80,64,14.75,65.07,6.34,295.9,orange
88,90,130,30.53,76.75,9.35,192.54,orange
121,136,21,40.46,40.31,5.07,98.02,orange
66,43,72,34.56,32.55,9.28,44.97,orange
36,41,128,36.86,26.41,7.06,176.81,orange
131,110,172,37.62,33.74,8.73,180.84,orange
73,54,139,27.26,91.52,6.48,245.55,orange
105,139,86,23.28,87.7,6.9,248.47,orange
21,106,78,9.97,80.16,9.87,229.17,orange
32,67,131,13.88,82.56,7.3,190.72,orange
0,101,60,18.16,99.67,6.42,275.12,orange
65,101,148,30.82,31.02,7.1,80.28,orange
128,130,41,42.16,79.08,5.95,183.79,orange
25,26,44,40.49,14.45,8.82,95.15,orange
129,100,205,42.66,45.34,5.92,216.82,orange
21,132,134,14.26,80.6,6.33,248.34,orange
112,9,185,28.15,87.41,8.0,278.91,orange
31,136,27,15.8,26.53,6.91,124.38,orange
52,21,144,40.9,58.16,9.28,289.87,orange
116,82,63,15.08,19.03,8.26,22.36,orange
8,104,188,34.91,83.94,9.52,67.06,orange
24,66,96,15.69,96.89,9.7,141.62,orange
48,59,177,15.62,54.61,5.81,151.35,orange
131,55,67,15.29,73.97,9.12,107.39,orange
76,125,142,34.03,97.76,5.82,293.58,orange
87,34,56,37.1,91.63,9.16,207.52,orange
56,131,32,27.76,46.93,7.69,172.61,orange
81,95,153,26.23,42.08,5.26,137.49,orange
47,84,187,41.92,55.26,4.99,279.82,orange
38,30,142,22.98,80.99,7.67,124.23,orange
8,36,174,35.84,50.05,6.01,188.38,orange
62,138,146,18.56,94.59,6.61,282.34,orange
116,87,126,41.36,45.41,4.31,112.72,orange
83,10,95,37.23,32.4,3.83,128.15,orange
100,108,9,32.46,42.25,6.88,250.72,orange
63,110,142,11.81,90.11,9.1,235.32,orange
91,121,79,41.07,27.84,5.36,188.99,orange
76,111,197,25.32,28.17,5.34,232.32,orange
31,43,143,15.7,50.96,7.26,198.41,orange
56,71,128,18.03,71.49,4.5,181.36,orange
32,20,40,16.4,41.37,4.52,208.17,orange
85,116,155,40.95,95.89,9.84,102.24,orange
93,39,197,16.5,22.02,8.09,51.55,orange
25,10,130,42.19,98.07,7.51,264.48,orange
15,53,150,15.59,55.69,4.71,70.29,orange
99,50,110,32.64,60.97,4.32,287.9,orange
131,16,176,20.29,25.83,7.23,282.8,orange
127,15,161,10.62,59.23,7.58,90.63,orange
113,14,106,14.64,89.4,7.56,26.4,orange
16,94,17,41.77,66.93,9.3,291.73,orange
85,118,31,15.44,27.2,5.09,173.87,orange
73,125,83,35.18,97.46,5.15,229.83,orange
64,72,196,38.61,84.03,5.7,42.32,orange
52,17,18,42.28,23.88,4.34,32.28,orange
15,81,200,40.6,54.91,8.13,153.2,orange
108,35,174,24.71,35.11,4.63,284.15,orange
10,40,171,25.01,97.89,5.62,93.89,orange
94,134,133,13.88,82.09,8.06,132.58,orange
99,43,148,16.6,90.81,3.75,182.3,orange
116,91,158,28.07,90.88,9.17,152.26,orange
96,81,59,26.59,24.37,8.92,118.61,orange
126,123,185,16.15,30.67,9.19,223.91,orange
138,55,77,34.9,59.89,9.22,203.46,orange
18,75,158,12.23,91.66,8.39,224.74,orange
138,27,168,15.66,55.19,8.52,21.14,orange
74,42,192,30.51,20.59,6.9,161.64,orange
28,5,104,42.47,95.23,6.71,181.62,orange
86,74,198,14.29,80.78,8.67,186.62,orange
20,123,190,21.5,69.76,4.77,54.63,orange
11,75,38,23.51,66.86,8.45,249.13,orange
68,50,184,10.28,51.5,5.43,150.03,papaya
98,126,167,27.16,87.53,4.09,210.2,papaya
99,138,82,30.27,54.93,8.27,274.64,papaya
106,113,26,29.39,86.2,5.06,261.47,papaya
90,24,104,15.59,66.38,7.91,217.24,papaya
129,100,177,43.06,46.79,9.42,138.47,papaya
28,136,157,9.18,85.01,5.58,115.02,papaya
109,39,119,12.63,86.04,4.37,100.87,papaya
34,45,175,36.5,32.6,3.56,97.61,papaya
70,62,21,28.25,24.8,8.32,137.07,papaya
61,140,196,37.35,25.57,9.58,228.35,papaya
106,26,126,36.6,34.07,3.57,169.88,papaya
69,91,166,9.7,64.8,6.82,103.61,papaya
98,9,23,10.37,30.52,9.73,133.16,papaya
19,142,180,9.55,92.15,8.7,240.0,papaya
136,69,125,18.51,90.23,4.87,27.0,papaya
58,49,172,11.52,83.62,8.9,124.51,papaya
62,66,54,39.61,75.17,7.89,88.78,papaya
133,26,203,10.34,25.25,7.19,48.63,papaya
11,139,205,12.18,28.62,4.1,270.07,papaya
49,95,146,43.28,73.47,4.08,55.37,papaya
16,72,157,36.14,31.61,6.25,249.36,papaya
122,102,21,30.88,58.79,8.43,209.19,papaya
37,113,142,36.26,59.31,4.66,147.31,papaya
27,42,137,35.96,84.99,9.0,197.89,papaya
55,17,90,16.43,19.29,4.18,227.97,papaya
125,40,124,15.65,87.89,8.27,247.68,papaya
108,33,96,27.59,46.77,6.8,24.13,papaya
27,128,140,9.9,81.44,7.11,287.61,papaya
19,45,131,28.18,71.8,7.14,207.91,papaya
53,131,150,36.67,50.2,8.8,81.69,papaya
12,41,69,27.08,90.46,6.33,248.86,papaya
90,98,197,31.34,96.84,7.96,174.02,papaya
86,98,165,41.28,37.57,9.09,235.92,papaya
140,59,46,27.38,79.81,8.02,283.37,papaya
49,64,17,14.29,19.27,8.88,181.1,papaya
125,82,74,41.32,35.84,3.6,28.22,papaya
73,95,30,43.52,59.33,4.41,151.25,papaya
2,55,85,15.86,78.84,8.81,97.95,papaya
120,9,187,36.23,27.54,8.14,59.42,papaya
100,21,160,18.55,23.77,7.17,133.69,papaya
33,14,120,23.75,53.82,3.61,182.32,papaya
42,136,56,24.03,90.92,3.76,244.05,papaya
45,19,80,34.12,57.42,7.54,73.46,papaya
31,95,12,36.87,90.93,8.86,269.91,papaya
129,18,191,43.38,44.07,8.28,234.57,papaya
51,89,163,19.38,48.61,7.9,86.54,papaya
118,139,174,24.57,86.39,7.88,196.67,papaya
61,23,46,13.79,66.68,5.98,56.03,papaya
120,86,97,41.55,46.62,6.74,232.67,papaya
81,122,143,38.3,40.64,6.89,291.25,papaya
97,26,122,15.35,30.12,8.07,231.24,papaya
77,13,94,31.7,39.1,8.23,146.97,papaya
28,43,149,15.19,77.01,8.27,194.68,papaya
86,76,177,42.64,78.61,8.04,186.62,papaya
29,91,121,34.64,68.34,9.28,199.71,papaya
45,86,168,43.0,98.47,8.84,76.93,papaya
72,130,11,40.51,80.02,7.7,278.61,papaya
116,97,201,17.32,41.79,7.63,196.18,papaya
44,24,96,32.57,46.22,5.43,95.08,papaya
126,122,123,26.31,74.88,3.82,271.2,papaya
7,74,29,25.19,48.05,7.24,169.79,papaya
41,102,45,10.41,71.13,3.99,93.09,papaya
103,108,165,26.63,89.02,4.3,264.8,papaya
38,39,176,25.55,70.87,5.45,213.7,papaya
85,116,199,12.7,45.44,3.81,114.03,papaya
81,117,12,33.63,67.03,9.28,242.27,papaya
40,45,6,16.4,70.01,6.37,208.05,papaya
74,127,201,11.48,25.89,7.85,248.73,papaya
134,117,83,27.74,23.67,5.22,173.65,papaya
117,10,92,40.76,86.46,6.34,99.04,papaya
26,19,159,33.48,93.84,8.25,81.78,papaya
94,102,102,39.25,67.99,4.59,102.18,papaya
110,39,131,40.08,27.29,6.07,257.79,papaya
106,40,59,40.99,67.08,8.92,165.46,papaya
16,75,205,18.96,44.78,9.75,60.15,papaya
134,98,51,8.86,20.42,7.8,109.81,papaya
31,145,157,12.35,20.46,8.98,263.49,papaya
27,78,15,18.09,88.79,4.34,142.13,papaya
3,136,78,28.05,19.08,4.52,150.9,papaya
130,16,138,17.11,37.39,3.64,112.28,papaya
65,122,55,40.14,55.2,7.09,138.23,papaya
71,47,37,31.88,31.08,8.28,24.03,papaya
110,113,32,28.52,43.43,5.39,112.21,papaya
140,117,130,25.17,99.6,6.59,111.04,papaya
16,9,47,15.96,33.49,5.79,278.07,papaya
41,79,202,39.14,58.71,6.65,184.59,papaya
47,22,123,16.73,25.98,4.35,124.22,papaya
139,55,79,28.0,47.01,7.74,106.34,papaya
118,142,31,11.47,71.54,5.38,30.35,papaya
138,139,90,25.92,67.95,4.88,274.77,papaya
40,43,17,23.24,94.38,9.62,64.96,papaya
77,35,160,25.29,59.31,8.91,23.41,papaya
110,56,14,31.49,65.48,7.62,259.48,papaya
101,139,38,11.03,91.78,5.81,89.64,papaya
73,41,77,32.59,61.14,3.8,144.6,papaya
90,90,44,40.58,37.25,7.6,154.59,papaya
54,76,183,26.11,52.59,9.25,96.01,papaya
129,22,65,31.55,31.09,8.78,119.03,papaya
99,115,205,16.92,22.12,4.49,51.94,papaya
49,113,117,18.14,57.51,5.34,277.02,coconut
112,101,120,35.36,86.82,5.97,155.68,coconut
101,40,48,41.87,68.37,7.09,141.7,coconut
133,65,188,39.24,74.33,8.81,271.63,coconut
93,29,173,26.95,97.03,6.78,138.1,coconut
134,115,134,12.55,19.83,6.69,81.93,coconut
100,109,83,37.06,41.88,7.67,294.92,coconut
60,50,92,36.56,84.63,9.16,208.18,coconut
58,61,130,37.89,28.98,5.54,219.78,coconut
85,107,131,23.85,72.59,7.96,249.71,coconut
9,71,89,19.6,73.32,8.4,157.63,coconut
58,64,117,15.44,69.14,7.68,132.42,coconut
127,145,7,32.77,50.26,7.48,160.07,coconut
18,57,197,30.83,95.82,9.76,38.47,coconut
128,43,196,32.39,64.87,9.03,216.09,coconut
45,145,89,41.33,72.34,6.6,296.84,coconut
93,98,100,37.19,49.03,7.98,263.13,coconut
119,117,89,34.05,23.38,6.79,110.34,coconut
82,14,46,34.02,79.33,7.65,183.65,coconut
94,135,82,25.34,47.54,6.15,266.6,coconut
133,135,189,21.85,94.85,4.6,257.53,coconut
57,138,80,23.32,17.34,7.71,38.62,coconut
57,84,137,24.5,47.09,5.99,116.05,coconut
45,41,17,22.2,59.2,8.45,146.45,coconut
67,107,136,32.0,80.17,6.17,75.7,coconut
36,57,54,24.31,27.11,6.93,137.23,coconut
34,43,22,37.8,46.05,6.62,40.05,coconut
81,103,189,14.05,43.38,3.77,96.55,coconut
70,75,143,25.65,75.15,7.87,222.36,coconut
72,60,13,13.85,52.63,4.32,128.01,coconut
99,35,77,33.05,26.81,8.29,227.62,coconut
83,65,89,31.88,57.92,8.91,292.81,coconut
18,73,68,43.59,52.96,8.9,65.82,coconut
139,101,83,19.42,32.41,6.13,42.34,coconut
127,132,138,33.16,71.89,5.39,223.84,coconut
118,11,24,39.52,93.34,9.13,177.83,coconut
82,121,44,24.98,56.0,4.32,30.01,coconut
50,58,202,24.34,56.73,5.65,155.95,coconut
104,79,20,15.33,20.57,5.6,149.63,coconut
70,97,51,29.23,24.88,4.83,283.2,coconut
79,137,26,17.02,60.95,6.65,241.44,coconut
37,130,133,29.88,73.53,7.67,271.87,coconut
55,110,119,21.98,58.61,8.78,147.98,coconut
69,31,113,43.41,67.56,8.88,151.01,coconut
121,57,52,37.59,22.01,5.91,235.57,coconut
94,31,22,14.52,42.25,5.08,81.07,coconut
138,36,143,24.91,97.01,6.49,48.55,coconut
24,63,168,25.4,77.52,8.91,179.4,coconut
90,66,8,23.76,69.89,8.88,43.71,coconut
40,111,172,36.87,83.73,5.83,260.86,coconut
53,45,147,31.72,62.9,8.1,84.38,coconut
56,62,176,9.85,14.81,9.6,204.05,coconut
125,40,151,41.32,53.93,7.29,149.99,coconut
122,128,177,11.94,72.68,4.33,267.4,coconut
13,43,76,21.04,93.71,7.43,261.97,coconut
15,24,156,32.46,63.58,9.32,189.41,coconut
124,110,92,40.15,93.66,8.6,161.92,coconut
121,106,201,43.25,53.79,6.6,67.92,coconut
29,11,164,29.86,80.57,4.49,89.93,coconut
60,31,29,13.73,85.07,5.43,149.07,coconut
17,50,15,33.57,77.52,9.55,293.96,coconut
78,88,134,29.83,17.22,4.74,237.19,coconut
82,7,39,26.43,35.95,9.74,234.76,coconut
20,77,188,16.21,17.66,5.6,204.67,coconut
92,12,43,26.27,87.95,9.02,110.15,coconut
104,111,193,34.62,50.78,8.6,150.59,coconut
5,63,37,12.28,47.42,8.35,215.64,coconut
139,20,97,43.56,32.29,6.78,129.02,coconut
75,95,144,15.05,16.95,9.64,236.49,coconut
78,17,129,32.03,53.0,8.46,30.52,coconut
24,91,36,15.99,78.01,5.86,177.64,coconut
115,60,69,39.48,35.5,5.01,249.23,coconut
35,5,153,17.74,57.51,7.1,259.24,coconut
51,102,196,26.55,16.17,6.66,175.36,coconut
10,41,169,17.37,57.36,8.96,178.44,coconut
77,40,180,16.78,54.73,4.0,81.66,coconut
124,134,188,10.88,14.92,5.29,155.97,coconut
85,136,154,42.6,40.63,8.64,209.12,coconut
30,69,191,41.5,29.42,4.86,188.12,coconut
19,46,56,18.28,27.9,9.88,109.88,coconut
49,8,99,18.16,96.7,9.76,120.22,coconut
12,45,114,29.29,48.1,8.57,106.24,coconut
22,76,74,19.29,88.84,5.06,123.96,coconut
65,79,112,16.04,85.01,7.7,194.64,coconut
68,84,185,20.62,20.09,4.5,290.37,coconut
130,99,34,25.81,91.11,7.17,68.5,coconut
0,51,125,41.39,45.92,4.36,127.31,coconut
35,131,120,34.62,37.19,8.88,174.24,coconut
134,57,19,22.86,22.26,7.81,250.32,coconut
78,24,112,43.41,76.35,9.25,65.82,coconut
18,41,73,31.42,55.68,4.93,147.31,coconut
29,27,168,25.44,51.78,4.03,226.44,coconut
58,123,122,19.7,18.16,4.31,76.58,coconut
25,5,57,25.95,52.07,4.25,287.46,coconut
128,56,193,12.3,45.55,5.35,134.91,coconut
115,23,43,42.4,33.41,9.59,259.42,coconut
123,67,87,26.96,94.89,6.19,74.14,coconut
124,114,32,9.06,57.8,5.11,169.36,coconut
36,112,200,40.93,67.9,9.85,273.39,coconut
84,81,19,28.98,60.4,4.89,195.65,coconut
4,79,118,43.6,63.547296309519545,3.91,132.53,cotton
61,66,151,39.79,59.441079461052595,7.96,28.84,cotton
62,61,35,22.08,78.27944933515326,9.18,28.24,cotton
23,33,144,39.36,54.67286665370973,8.75,177.37,cotton
66,30,127,36.36,68.85986613979875,4.58,161.17,cotton
90,140,36,34.58,51.93974733422046,6.72,212.48,cotton
31,38,86,15.82,65.82620885715893,6.17,236.03,cotton
73,22,78,28.43,52.65565464992627,8.17,196.22,cotton
126,74,36,25.89,65.58264018928648,4.2,287.35,cotton
13,101,33,21.37,74.1270061882764,5.68,210.71,cotton
89,25,174,20.85,76.367686613848,5.96,201.33,cotton
6,77,85,41.34,78.08358106217653,7.13,175.39,cotton
113,97,29,40.78,73.04100872053353,5.82,87.23,cotton
92,35,122,26.5,52.43175676863127,8.44,163.13,cotton
136,86,111,37.86,72.36323017713354,7.06,85.76,cotton
44,139,44,30.97,74.94903081451798,9.7,243.42,cotton
76,31,28,25.05,55.91216458341996,4.54,97.77,cotton
111,6,49,12.7,64.5829686056918,8.25,224.82,cotton
106,47,6,39.11,77.3364654183449,6.63,219.2,cotton
132,46,205,11.38,61.77203598303617,9.89,170.48,cotton
7,43,19,11.27,58.27634082049492,5.46,63.12,cotton
56,104,190,32.4,68.69024098797311,4.25,112.86,cotton
33,105,157,17.68,69.06092944573811,9.7,20.91,cotton
139,29,149,23.33,64.7190079834429,5.28,71.38,cotton
3,119,95,26.98,57.75201629402238,8.72,224.26,cotton
94,46,155,13.7,50.95762532325983,7.29,119.69,cotton
137,143,149,10.13,57.91299417861044,6.52,93.95,cotton
125,53,121,27.64,70.98886033388126,9.66,93.96,cotton
99,109,137,9.73,51.29582605234113,5.28,153.7,cotton
88,69,81,31.55,60.22812306366283,5.4,166.17,cotton
42,66,93,29.9,77.17577554834672,9.23,162.41,cotton
73,116,143,20.57,67.21378295438554,4.64,55.76,cotton
94,58,56,25.57,52.90402686114588,5.4,223.65,cotton
84,96,113,26.43,75.60253016893546,6.27,144.78,cotton
8,44,27,33.61,77.67989139343084,9.74,207.28,cotton
69,7,145,35.69,68.8405723493182,5.0,71.61,cotton
55,82,48,34.65,65.01844659166413,8.62,172.7,cotton
126,52,7,15.01,58.82757514330585,7.86,125.8,cotton
13,138,174,28.1,58.949373151863924,7.42,131.28,cotton
1,100,187,29.67,71.12799656421885,9.3,288.3,cotton
17,140,62,23.71,60.878169374100274,9.66,161.56,cotton
109,15,15,11.64,56.63632545921819,7.93,26.52,cotton
111,25,7,12.38,77.39955438837755,8.38,208.98,cotton
140,19,7,25.71,52.7239782931959,6.46,101.03,cotton
107,111,176,11.3,65.83468103688625,6.75,77.88,cotton
82,27,93,13.4,60.796122694171416,7.99,216.51,cotton
4,24,14,35.59,72.0829215229626,6.43,136.98,cotton
66,47,187,14.31,64.53336776187628,9.42,95.55,cotton
68,37,112,37.63,73.80858933659852,6.59,82.66,cotton
93,94,31,23.12,73.73087888244311,3.88,106.32,cotton
71,27,65,12.58,73.55251694953559,8.06,232.57,cotton
58,69,115,19.33,59.74787834755642,4.53,270.48,cotton
71,123,138,27.7,58.46174426939254,4.34,244.16,cotton
32,138,167,31.14,76.20914509601408,5.3,77.07,cotton
6,36,165,27.19,62.19548967927435,4.18,206.95,cotton
130,11,144,24.62,54.29184742295628,9.45,31.93,cotton
86,21,197,10.88,62.73851749057882,7.22,30.51,cotton
98,105,159,42.69,66.44521917187905,9.69,80.28,cotton
125,127,44,25.85,58.7737269632083,9.16,48.47,cotton
86,111,54,40.7,65.08007004051866,4.63,188.37,cotton
133,106,139,23.94,59.06811945951789,4.3,179.73,cotton
57,138,35,38.94,77.03349989046414,8.42,116.42,cotton
36,43,100,11.0,68.71378502467607,6.42,226.72,cotton
70,142,196,36.71,79.73283457342805,7.84,127.47,cotton
138,116,205,39.85,69.76931736139491,9.7,68.74,cotton
40,17,28,9.63,64.12965983906325,6.75,119.62,cotton
117,75,190,15.07,68.87761156114613,3.78,260.11,cotton
69,76,113,42.87,70.71044534291755,9.03,23.89,cotton
54,145,119,32.91,75.21169986893142,7.66,288.6,cotton
134,29,29,35.84,79.85223810944437,5.45,240.62,cotton
121,77,119,32.92,68.07708760311593,8.24,261.3,cotton
88,141,183,39.39,65.4926269608849,4.4,176.24,cotton
109,123,69,23.05,67.67550458246424,8.63,286.16,cotton
10,80,202,40.83,79.26343528448447,7.51,152.43,cotton
134,69,143,25.7,62.465143852006406,5.93,126.41,cotton
109,18,25,39.76,64.61524487287184,4.14,187.27,cotton
101,59,91,33.11,79.28138085267065,4.59,181.0,cotton
124,144,92,27.34,63.93295431678386,6.6,206.57,cotton
26,39,79,33.12,78.70407226260784,8.56,192.01,cotton
91,36,45,35.2,78.02047861879717,9.09,135.15,cotton
74,45,13,39.42,79.52489037645228,7.9,29.68,cotton
63,141,85,37.86,74.88894877110384,8.43,161.43,cotton
107,133,45,28.64,52.42820990899238,7.71,279.26,cotton
72,75,164,33.78,67.35153130406714,8.51,58.68,cotton
121,57,197,42.79,62.79640729658307,8.59,73.69,cotton
91,144,106,9.31,62.28062035889055,3.51,27.66,cotton
60,135,6,21.15,74.89480767244083,8.94,102.32,cotton
86,130,30,16.75,52.95475475546464,8.38,137.16,cotton
57,48,61,11.17,72.63567997977985,4.06,229.83,cotton
31,38,24,17.09,74.2513905234802,7.18,156.75,cotton
82,117,9,41.09,56.32252072767264,7.21,80.35,cotton
82,138,166,14.74,59.86409890949249,6.1,195.98,cotton
43,51,103,17.89,68.19971094247344,4.97,181.47,cotton
25,46,34,43.55,66.12715762912335,9.84,88.23,cotton
11,143,17,10.48,63.68591761081353,5.36,129.0,cotton
118,18,39,14.7,67.1526973268806,4.33,110.99,cotton
107,20,122,23.91,71.11566880091307,8.35,44.12,cotton
111,136,55,20.33,69.10700102256256,9.87,123.35,cotton
1,34,111,13.36,62.93928917100137,7.71,107.77,cotton
89,43,39,36.5,52.38279995958891,3.98,231.93,cotton
28,94,110,39.0,24.95,4.87,38.41,jute
84,99,99,19.25,53.03,4.29,211.91,jute
85,129,36,14.98,16.54,5.76,156.37,jute
22,28,110,11.95,98.61,8.35,126.74,jute
99,142,41,12.85,88.83,9.0,142.13,jute
138,53,69,9.49,62.77,4.68,204.25,jute
47,71,157,35.38,89.57,7.59,254.64,jute
4,57,197,25.83,19.32,8.42,275.44,jute
15,94,143,11.72,80.56,7.83,153.34,jute
130,54,196,41.49,54.45,7.04,161.05,jute
87,94,179,32.15,96.98,7.84,125.25,jute
20,71,121,22.88,88.68,9.41,72.1,jute
116,50,175,21.03,46.31,8.84,203.81,jute
69,35,120,40.61,52.15,3.89,193.91,jute
57,75,30,28.04,32.99,4.79,104.92,jute
79,49,42,22.31,99.24,9.81,252.32,jute
20,54,158,27.78,59.0,5.95,222.92,jute
58,50,136,33.34,25.3,8.77,37.52,jute
19,34,97,31.69,15.55,5.22,120.54,jute
34,125,75,20.45,76.79,6.59,112.12,jute
139,34,186,14.97,81.18,3.66,166.42,jute
24,21,66,36.85,14.73,7.02,206.91,jute
4,75,179,28.37,21.36,5.34,109.74,jute
45,111,99,12.19,91.91,6.09,100.42,jute
126,5,164,13.45,95.57,9.43,236.19,jute
130,119,112,38.75,98.24,5.98,68.54,jute
2,77,154,28.49,87.09,9.83,288.83,jute
42,78,177,19.09,70.35,7.43,69.37,jute
137,58,125,11.37,95.45,5.61,130.43,jute
128,105,181,15.78,86.29,8.92,197.84,jute
99,46,115,8.99,43.64,6.86,49.42,jute
135,117,158,40.9,97.71,9.32,198.24,jute
7,50,49,33.5,31.57,6.87,119.66,jute
61,29,43,33.02,72.21,7.92,32.55,jute
68,7,49,29.44,40.16,5.69,148.01,jute
89,32,203,20.2,87.39,9.15,80.33,jute
111,109,55,43.56,77.89,8.12,258.98,jute
73,137,171,20.37,14.53,9.45,162.54,jute
46,18,113,19.25,22.65,7.75,141.1,jute
94,5,182,29.07,36.45,9.53,206.33,jute
14,60,51,36.51,70.64,9.07,179.45,jute
47,28,54,15.3,64.7,8.4,245.59,jute
23,56,88,30.05,46.37,5.99,95.67,jute
55,123,67,25.52,49.35,5.21,290.62,jute
48,142,21,13.43,24.95,8.48,44.16,jute
5,15,105,20.98,48.14,5.9,189.79,jute
95,71,154,43.38,71.69,5.01,67.93,jute
135,61,199,11.5,43.83,8.94,103.78,jute
99,71,183,36.25,82.26,6.86,157.64,jute
13,37,29,24.77,38.48,7.99,122.67,jute
34,62,150,25.04,35.21,4.51,268.35,jute
81,139,199,31.45,56.07,7.0,75.76,jute
0,89,98,32.02,49.54,9.72,233.42,jute
135,139,163,28.68,42.89,9.37,193.17,jute
9,49,193,35.04,35.46,8.24,90.71,jute
140,28,44,14.43,63.47,3.94,121.62,jute
63,132,20,41.95,44.13,6.73,72.06,jute
12,121,10,38.26,36.04,3.75,228.95,jute
93,79,79,34.66,50.47,5.81,277.0,jute
32,124,95,20.65,17.87,6.66,290.05,jute
19,55,123,40.99,47.24,4.78,29.15,jute
46,131,34,15.58,44.27,7.69,200.82,jute
85,15,157,14.09,24.88,4.26,289.35,jute
84,94,193,42.69,84.02,8.19,202.98,jute
68,117,97,36.88,65.81,6.61,99.25,jute
16,48,167,26.89,22.07,7.84,100.41,jute
134,25,108,40.64,31.78,4.8,253.47,jute
61,81,135,24.97,55.7,7.82,144.47,jute
107,60,202,20.78,47.31,6.38,265.38,jute
112,114,70,25.62,22.65,8.89,241.15,jute
50,7,134,11.69,92.53,5.85,195.65,jute
51,101,5,33.42,26.02,8.98,158.22,jute
136,106,8,33.83,95.34,9.16,255.93,jute
21,47,145,31.01,64.37,9.23,130.59,jute
80,89,136,38.49,46.67,6.61,40.74,jute
82,69,136,37.04,17.13,5.06,28.26,jute
107,137,148,41.29,90.31,9.02,181.66,jute
35,89,19,33.8,56.06,9.9,232.48,jute
58,44,167,21.04,44.89,6.77,294.42,jute
9,32,110,22.61,24.01,9.56,272.49,jute
73,77,118,10.04,47.68,5.65,83.64,jute
46,73,39,35.52,23.61,7.31,69.26,jute
67,96,24,14.85,72.47,9.09,276.52,jute
129,88,162,31.54,57.04,6.89,203.83,jute
118,113,166,16.53,58.62,8.54,132.44,jute
102,88,34,25.63,18.3,4.11,282.71,jute
119,92,82,16.08,45.57,7.79,275.46,jute
126,86,70,30.35,52.76,5.0,57.3,jute
131,54,142,38.65,90.75,8.9,179.56,jute
76,96,75,10.97,82.36,6.95,139.09,jute
114,59,112,39.85,62.59,9.49,256.94,jute
1,12,184,11.3,83.12,5.28,136.98,jute
26,52,183,29.39,72.84,7.36,167.0,jute
57,143,84,34.42,63.05,7.11,115.07,jute
55,15,160,21.74,57.46,6.18,139.6,jute
134,20,193,31.67,47.63,9.18,268.13,jute
140,110,145,36.34,79.59,7.46,188.84,jute
53,16,5,16.45,63.14,7.89,105.57,jute
112,118,96,9.01,48.12,6.36,281.68,jute
66,127,144,29.14,47.8,5.62,123.84,jute
31,140,193,9.42,35.05,4.6,110.8,coffee
46,26,181,26.14,72.77,8.96,241.06,coffee
12,95,43,31.71,87.77,4.23,47.95,coffee
12,55,99,38.58,20.66,8.11,178.84,coffee
30,36,140,12.37,59.26,4.62,43.92,coffee
68,131,148,28.84,38.82,6.38,61.38,coffee
137,26,21,14.81,23.81,7.18,37.21,coffee
134,90,10,30.1,24.73,8.56,253.74,coffee
118,144,197,17.53,67.84,4.67,193.77,coffee
115,118,28,8.93,87.28,5.52,115.47,coffee
131,57,161,40.75,48.31,8.84,200.28,coffee
9,39,89,21.4,33.21,8.21,193.59,coffee
27,59,71,23.34,68.7,7.35,154.58,coffee
115,81,13,21.72,22.13,4.23,188.78,coffee
87,108,21,9.92,67.47,6.99,50.36,coffee
110,20,94,36.5,45.41,4.0,222.95,coffee
117,124,18,29.38,50.93,8.04,98.81,coffee
136,30,5,33.01,67.11,9.89,73.39,coffee
101,23,93,27.73,99.13,8.0,181.31,coffee
107,30,5,19.96,39.91,7.46,263.52,coffee
25,89,173,43.16,25.32,8.89,26.66,coffee
118,121,204,41.38,49.61,7.76,149.53,coffee
27,22,8,23.46,46.74,7.42,106.92,coffee
9,60,88,36.88,98.83,5.66,93.65,coffee
128,93,33,27.33,42.39,7.17,287.52,coffee
123,110,81,30.45,79.14,9.43,253.9,coffee
88,10,123,37.06,97.94,6.75,261.61,coffee
16,129,94,29.56,98.83,6.2,124.0,coffee
93,129,185,27.89,45.37,6.0,53.15,coffee
18,111,185,18.6,18.11,9.25,220.15,coffee
37,78,65,22.56,72.08,7.79,147.72,coffee
45,7,53,35.44,59.56,5.93,233.76,coffee
1,21,201,42.63,86.0,7.64,22.18,coffee
18,101,155,29.74,71.79,4.02,183.68,coffee
51,15,43,37.33,50.08,6.51,233.97,coffee
1,143,170,12.83,72.65,7.14,149.8,coffee
131,84,118,19.22,59.3,9.53,21.66,coffee
75,125,185,10.27,48.08,7.02,250.02,coffee
54,78,127,11.23,30.27,8.32,56.03,coffee
44,100,167,32.91,58.51,3.94,80.99,coffee
80,129,38,29.27,75.78,8.51,30.21,coffee
80,37,152,20.22,46.78,5.54,268.01,coffee
113,128,121,11.38,47.51,4.51,232.19,coffee
123,42,81,21.62,88.86,7.86,246.43,coffee
93,144,33,34.86,16.28,9.63,192.48,coffee
32,19,131,32.87,38.29,8.2,165.64,coffee
89,93,181,12.51,53.11,7.82,133.44,coffee
116,34,26,15.55,94.51,3.97,231.28,coffee
72,35,98,34.6,24.68,5.57,202.63,coffee
34,109,133,17.83,68.22,6.66,137.0,coffee
123,83,164,27.19,68.53,7.85,21.25,coffee
11,40,148,16.92,39.41,6.93,54.57,coffee
11,6,8,41.04,35.17,8.55,277.34,coffee
49,74,6,21.51,90.28,4.71,46.04,coffee
69,5,83,25.28,64.88,9.81,192.99,coffee
19,6,138,9.18,89.69,4.4,211.07,coffee
132,90,189,37.98,21.26,6.87,188.26,coffee
52,55,184,28.7,28.73,5.11,280.17,coffee
131,10,23,38.96,50.79,9.07,202.2,coffee
26,8,94,40.87,29.02,9.64,124.0,coffee
110,144,47,24.01,98.81,8.01,235.37,coffee
57,70,136,28.36,83.0,8.78,253.83,coffee
91,63,151,26.32,54.45,8.23,218.57,coffee
80,95,116,29.79,84.0,8.39,93.89,coffee
40,15,63,41.99,27.26,9.27,180.1,coffee
116,92,132,18.37,81.83,4.47,287.74,coffee
50,51,72,31.8,85.79,3.9,218.21,coffee
37,100,181,27.61,56.3,7.13,148.37,coffee
9,30,17,10.12,93.53,9.0,70.3,coffee
40,91,42,28.57,50.86,8.61,247.65,coffee
100,38,102,15.28,34.86,6.08,214.74,coffee
118,143,152,30.9,31.16,8.03,251.99,coffee
20,115,50,28.55,41.46,3.82,147.49,coffee
55,133,13,39.26,60.64,7.23,199.41,coffee
55,119,43,27.05,49.75,9.31,169.71,coffee
109,123,201,11.54,33.62,3.96,207.5,coffee
97,94,108,25.77,53.54,4.93,275.23,coffee
39,91,142,26.9,34.22,8.62,259.22,coffee
129,119,166,41.97,86.11,9.5,89.25,coffee
23,64,103,10.5,30.45,3.56,275.13,coffee
98,105,182,26.21,88.18,9.34,106.75,coffee
77,49,38,37.71,63.58,7.74,128.79,coffee
110,54,68,11.89,61.17,3.93,287.4,coffee
27,39,171,26.72,79.09,9.16,278.99,coffee
110,38,116,22.85,89.12,3.97,120.85,coffee
55,27,109,9.33,83.74,4.1,272.19,coffee
98,88,157,42.65,97.84,4.13,172.83,coffee
100,57,8,38.63,23.67,7.98,188.97,coffee
129,77,158,43.24,99.4,8.26,173.98,coffee
32,112,188,10.93,32.85,6.27,193.23,coffee
83,65,107,32.63,39.33,5.11,46.09,coffee
123,26,85,23.91,17.05,9.12,46.37,coffee
81,64,134,26.03,48.52,9.32,32.63,coffee
89,26,137,20.12,91.67,6.43,138.95,coffee
8,126,172,35.91,14.74,7.56,92.66,coffee
108,14,111,35.35,82.91,6.42,119.64,coffee
66,5,143,33.61,29.38,8.25,191.5,coffee
73,69,79,9.27,81.01,9.44,261.42,coffee
59,44,147,26.32,17.5,6.8,47.34,coffee
90,91,98,40.76,23.76,8.52,63.81,coffee
